-- --------------------------------------------------------
-- Host:                         127.0.0.1
-- Versión del servidor:         10.1.37-MariaDB - mariadb.org binary distribution
-- SO del servidor:              Win32
-- HeidiSQL Versión:             10.3.0.5771
-- --------------------------------------------------------

/*!40101 SET @OLD_CHARACTER_SET_CLIENT=@@CHARACTER_SET_CLIENT */;
/*!40101 SET NAMES utf8 */;
/*!50503 SET NAMES utf8mb4 */;
/*!40014 SET @OLD_FOREIGN_KEY_CHECKS=@@FOREIGN_KEY_CHECKS, FOREIGN_KEY_CHECKS=0 */;
/*!40101 SET @OLD_SQL_MODE=@@SQL_MODE, SQL_MODE='NO_AUTO_VALUE_ON_ZERO' */;


-- Volcando estructura de base de datos para intitutodemexico
CREATE DATABASE IF NOT EXISTS `intitutodemexico` /*!40100 DEFAULT CHARACTER SET latin1 */;
USE `intitutodemexico`;

-- Volcando estructura para tabla intitutodemexico.alumnos
CREATE TABLE IF NOT EXISTS `alumnos` (
  `id_alumno` int(10) unsigned NOT NULL AUTO_INCREMENT,
  `nombre_alumno` varchar(150) DEFAULT NULL,
  `fechadenacimiento_alumno` date DEFAULT NULL,
  `tutorResponsable_alumno` varchar(150) DEFAULT NULL,
  `direccion_alumno` varchar(150) DEFAULT NULL,
  `telefono_alumno` varchar(11) DEFAULT NULL,
  `curso_alumno` varchar(150) DEFAULT NULL,
  `horario_alumno` varchar(150) DEFAULT NULL,
  `fechadeinicio_alumno` date DEFAULT NULL,
  `semanadeincio` int(4) NOT NULL,
  `colegiatura_alumno` float DEFAULT NULL,
  `incripcion_alumno` float DEFAULT NULL,
  `Fechadeincripcion` date DEFAULT NULL,
  `semanadeincripcion` int(3) DEFAULT NULL,
  `id_personaalumno` int(10) unsigned DEFAULT NULL,
  `registro_año` year(4) DEFAULT NULL,
  PRIMARY KEY (`id_alumno`),
  KEY `id_personaalumno` (`id_personaalumno`),
  CONSTRAINT `ALUMNOS_ibfk_1` FOREIGN KEY (`id_personaalumno`) REFERENCES `personal_institutional` (`PERSONAL_ID`)
) ENGINE=InnoDB AUTO_INCREMENT=212 DEFAULT CHARSET=latin1;

-- Volcando datos para la tabla intitutodemexico.alumnos: ~211 rows (aproximadamente)
/*!40000 ALTER TABLE `alumnos` DISABLE KEYS */;
INSERT INTO `alumnos` (`id_alumno`, `nombre_alumno`, `fechadenacimiento_alumno`, `tutorResponsable_alumno`, `direccion_alumno`, `telefono_alumno`, `curso_alumno`, `horario_alumno`, `fechadeinicio_alumno`, `semanadeincio`, `colegiatura_alumno`, `incripcion_alumno`, `Fechadeincripcion`, `semanadeincripcion`, `id_personaalumno`, `registro_año`) VALUES
	(1, 'VAZQUEZ SILVA LUIS BRAYAN', '2006-03-12', 'MARIA SILVA', '15 OTE; BARRIO: LOS REYES', '2225614402', 'Esp.Robotica', '9:00 A.1:00 SABADO', '2019-08-24', 37, 115, 0, '2019-09-12', 34, NULL, '2019'),
	(2, 'PACHECO VELÁZQUEZ ALAN RICARDO', '2007-03-16', 'ROSALIA VELAZQUEZ', '13 OTE; BARRIO DE LA ASUNCIÓN', '2221324968', 'Curso Infantil', '4:30 - 6:00 L-M-J-V', '2019-08-26', 37, 129, 0, '2019-09-12', 35, NULL, '2019'),
	(3, 'VASQUEZ SILVA MARTHA SHERLYN', '2008-11-22', 'MARIA  GRACIELA SILVA', '15 OTE; ENTRE 6 Y 4 SUR', '2225614402', 'Curso Infantil', '10:00 A 2:00 SABADO', '2019-08-24', 37, 115, 0, '2019-09-12', 34, NULL, '2019'),
	(4, 'VASQUEZ MARTINEZ JUAN PABLO', '2006-05-23', 'JUAN VAZQUEZ FERNANDEZ', '5 OTE N 600 ENTRE 8 SUR Y 6 OTE  COL SAN FCO TOTIMEHUACAN', '2211769977', 'Esp.Robotica', '9:00 a 10:30 LUNES; MARTES Y JUEVES', '2019-08-26', 37, 129, 0, '2019-09-12', 35, NULL, '2019'),
	(5, 'GOMEZ GOMEZ LUIS FERNANDO', '2003-11-14', 'JOSEFA GOMEZ', 'AV. DALIA L.7; M.11. COL: LA PERLA CUAUTINCHAN', '2214347971', 'Esp. Ingles', '9.00 A 1:00 DOMINGO', '2019-08-25', 37, 120, 0, '2019-09-12', 35, NULL, '2019'),
	(6, 'PACHECO VELÁZQUEZ ALEX', '2005-01-10', 'ROSALIA VELAZQUEZ', '13 OTE; BARRIO DE LA ASUNCIÓN', '2221324968', 'Esp. Ingles', '6:00 a 7:30 martes a viernes', '2019-08-27', 37, 129, 0, '2019-09-12', 35, NULL, '2019'),
	(7, 'GOMEZ GOMEZ VIRIDIANA', '2005-07-12', 'JOSEFA GOMEZ', 'AV. DALIA L.7; M.11. COL: LA PERLA CUAUTINCHAN', '2214347971', 'Esp. Ingles', '9:00 A.1:00 SABADO', '2019-08-24', 37, 120, 0, '2019-09-12', 34, NULL, '2019'),
	(8, 'MARIN GARCIA JADE', '2010-07-03', 'NANCY GARCIA', 'LA GUADALUPANA', '2222556216', 'Curso Infantil', '9.00 A 1:00 DOMINGO', '2019-08-25', 37, 129, 250, '2019-09-12', 35, NULL, '2019'),
	(9, 'CHICO FRAGOSO JOSELINE', '2006-05-21', 'MARIA JUANA  FRAGOSO', 'CALLE. ALELI #3. COL: LOMAS DEL CARMEN', '2226625535', 'Esp. Ingles', '9:00 A.1:00 SABADO', '2019-08-24', 37, 129, 0, '2019-09-12', 34, NULL, '2019'),
	(10, 'JUAREZ PEREZ JOSE ELISEO', '1999-09-21', 'EL MISMO', 'RANCHO LA LOBERA MANZANA 1. LOTE 9', '2212507430', 'Esp.Diseño Grafico', '9:00 A.1:00 SABADO', '2019-08-24', 37, 129, 0, '2019-09-12', 34, NULL, '2019'),
	(11, 'SALAZAR OCHOA ALEXANDER DANIEL', '2010-04-04', 'PEDRO SALAZAR', 'CALLE EMILIANO ZAPATA; NO:22. COL: 18 DE MARZO SANTO TOMÁS C', '2221563848', 'Curso Infantil', '4:30 - 6:00 L-M-J-V', '2019-08-26', 37, 120, 0, '2019-09-12', 35, NULL, '2019'),
	(12, 'SALAZAR OCHOA DIANA LIZBETH', '2011-08-04', 'PEDRO SALAZAR', 'CALLE EMILIANO ZAPATA; NO:22. COL: 18 DE MARZO SANTO TOMÁS C', '2221503848', 'Curso Infantil', '4:30 - 6:00 L-M-J-V', '2019-08-26', 37, 120, 0, '2019-09-12', 35, NULL, '2019'),
	(13, 'RAMOS SANCHEZ  JOSE MATEO', '2002-09-07', 'ANDREA  SANCHEZ', 'CERRADA  SANTA INES  MODULO 16 DEPTO 4', '2211343222', 'Esp.Diseño Grafico', '4:30 - 6:00 L-M-J-V', '2019-08-26', 37, 129, 310, '2019-09-12', 35, NULL, '2019'),
	(14, 'PEREZ VIANA  FATIMA', '2006-03-26', 'MARGARITA  VIANA ROMERO', 'CALLE CAPITAN AVILA  406 BARRIO LA ASUNCION', '2228619121', 'Esp. Ingles', '6:00 a 7:30 martes a viernes', '2019-08-26', 37, 129, 0, '2019-09-12', 35, NULL, '2019'),
	(15, 'PEREZ VALENCIA RAFAEL', '2004-01-02', 'BARBARA PÉREZ  VALENCIA', 'COL: HERNANDEZ PACIÓN; BARRIO DE LOS REYES', '2211263881', 'Esp.Diseño Grafico', '4:30 - 6:00 L-M-J-V', '2019-08-26', 37, 129, 0, '2019-09-12', 35, NULL, '2019'),
	(16, 'MEDIANA  RUBIN MIGUEL ANGEL', '2010-07-05', 'KARINA RUBIN FLORES', '7 OTE N.810  BARRIO DE LA ASUNCION  SAN FCO TOTIMEHUACAN', '2212790889', 'Curso Infantil', '4:30 - 6:00 L-M-J-V', '2019-08-26', 37, 129, 0, '2019-09-12', 35, NULL, '2019'),
	(17, 'PEREZ VIANA  JHONATAN  ARIEL', '2003-11-05', 'MARGARITA  VIANA ROMERO', 'BLD CARLOS CAMACHO AVILA  #406 LA ASUNCION', '2228619121', 'Esp.Robotica', '9:00 A 10:30 L-M-J-V', '2019-08-26', 37, 129, 0, '2019-09-12', 35, NULL, '2019'),
	(18, 'CABAÑAS  CABAÑAS  DAIRA  ESTEFANIA', '2006-12-16', 'MARIA CONCEPCION  CABAÑAS', 'PRIV. ABASOLO  N. 3 SAN FCO BARRIO GUADALUPE TLATELPA', '2224905617', 'Curso Infantil', '4:30 - 6:00 L-M-J-V', '2019-08-26', 37, 129, 0, '2019-09-12', 35, NULL, '2019'),
	(19, 'BRINGAS LUNA MARIA LETICIA', '1986-12-07', 'ELLA MISMA', '6 SUR Y 5 ORIENTE SAN FRANCISCO TOTIMEHUACAN', '2228086751', 'Curso Basico', '9:00 a 10:30 LUNES; MARTES Y JUEVES', '2019-08-26', 37, 129, 0, '2019-09-12', 35, NULL, '2019'),
	(20, 'REYES NAVARRETE FRANCISCO IRAN', '2008-10-06', 'ADRIANA  REYES NAVARRETE', '13 ORIENTE N. 7 BARRIO LOS REYES SAN FRANCISCO TOTIMEHUACAN', '2221828645', 'Curso Infantil', '10:00 A 2:00 SABADO', '2019-08-24', 37, 129, 0, '2019-09-12', 34, NULL, '2019'),
	(21, 'SALAS CORONA MARIANA', '2002-01-17', 'CATALINA  CORONA', 'CALLE MIGUEL HIDALGO Y EL SUEÑO S/N', '2221027947', 'Esp. Ingles', '10:30 a 12:00 martes a viernes', '2019-08-27', 37, 129, 0, '2019-09-12', 35, NULL, '2019'),
	(22, 'RAMIREZ ZAVALA GRECIA', '2012-05-12', 'ITZIA  ZAVALA', 'CERRADA SANTA INES 307 MOD. 18 3 CONJUNTO HABITACIONAL SANTA', '2223051220', 'Curso Infantil', '4:30 - 6:00 L-M-J-V', '2019-08-26', 37, 129, 0, '2019-09-12', 35, NULL, '2019'),
	(23, 'GUERRERO TORRES MARIA MONSERRAT', '2001-09-20', 'ANA  TORRES ', '3 SUR N. 705 BARRIO DE SAN MIGUEL', '2211316725', 'Esp. INGLES', '6:00 - 7:30 M-M-J-V', '2019-08-27', 37, 129, 0, '2019-09-12', 35, NULL, '2019'),
	(24, 'CHETLA NAVARRO ENRIQUE GABRIEL', '2005-12-30', 'MAURILIO NAVARRO', 'CALLE CARRIL DE SAN FRANCISCO BARRIO DE SAN JUAN LOTE 3', '2227124374', 'Esp. ASITENTE DE NEGOCIOS CON INFORMATICA', '4:30 a 6:30 L-M-J-V', '2019-08-26', 37, 115, 0, '2019-09-12', 35, NULL, '2019'),
	(25, 'CHETLA NAVARRO ENRIQUE GABRIEL', '2005-12-30', 'MAURILIA NAVARRO', 'CALLE CARRIL DE SAN FRANCISCO BARRIO DE SAN JUAN LOTE 3', '2227124374', 'Esp.INGLES', '6:00 -7:30 M-M-J-V', '2019-08-27', 37, 115, 0, '2019-09-12', 35, NULL, '2019'),
	(26, 'CHETLA NAVARRO ALMA SIBEL', '2004-04-12', 'MAURILIA NAVARRO', 'CALLE CARRIL DE SAN FRANCISCO BARRIO DE SAN JUAN LOTE 3', '2227124374', 'Esp. Ingles', '6.00 A 7:30  MARTES A VIERNES', '2019-08-27', 37, 115, 0, '2019-09-12', 35, NULL, '2019'),
	(27, 'CHETLA NAVARRO ALMA SIBEL', '2004-04-12', 'MAURILIA NAVARRO', 'CALLE CARRIL DE SAN FRANCISCO BARRIO DE SAN JUAN LOTE 3', '2227124374', 'Esp.Diseño Grafico', '4:30 - 6:00 L-M-J-V', '2019-08-26', 37, 115, 0, '2019-09-12', 35, NULL, '2019'),
	(28, 'DE LA CRUZ CRUZ ISRAEL', '1999-02-20', 'EL MISMO', 'AV. SANTA CLARA N. 7 BARRIO DE CHETLA', '2221104508', 'MATEMATICAS', '9:00 A 10:30 L-M -J', '2019-08-27', 37, 129, 0, '2019-09-12', 35, NULL, '2019'),
	(29, 'YARCE CAMARGO SELENA', '1994-08-26', 'ELLA MISMA', 'SAN JOSE XAXAMAYO', '2226674466', 'Esp.Diseño Grafico', '1:00 a 5:00 SABADO', '2019-08-24', 37, 129, 350, '2019-09-12', 34, NULL, '2019'),
	(30, 'SANTAMARIA SORIANO MARIA DE LOS ANGELES', '1997-01-04', 'ELLA MISMA', 'MIGUEL HIDALGO SN. BARRIO DE SANTA CLARA', '2224021864', 'Esp. Ingles', '9:00 A.1:00 SABADO', '2019-08-24', 37, 129, 225, '2019-09-12', 34, NULL, '2019'),
	(31, 'GONZALEZ MENDEZ CAMILA', '2007-11-18', 'JOSE  HECTOR  GONZALEZ', 'CERRADA SANTA CLARA MODULO 4 INTERIOR 4 TERRAZAS DE SANTA CL', '2224354445', 'Curso Infantil', '4:30 - 6:00 L-M-J-V', '2019-08-26', 37, 129, 0, '2019-09-12', 35, NULL, '2019'),
	(32, 'CASTRO ALBARRAN ARIEL YOSEF', '2009-03-09', 'ALBERTO CASTRO FLORES', 'CALLE PINO SUAREZ MZA 3 LOTE 9 FRACC. LA GUADALUPANA', '2214265575', 'Curso Infantil', '10:00 A 2:00 SABADO', '2019-08-24', 37, 129, 0, '2019-09-12', 34, NULL, '2019'),
	(33, 'TORRES GARCIA MIGUEL ANGEL', '2007-06-21', 'ROSALIA  GARCIA', 'CALLE FRESNOS LOTE 9 MZA 2 EL GRANADO SAN BALTAZAR TORIJA', '2226705878', 'Curso Infantil', '10:00 A 2:00 SABADO', '2019-08-24', 37, 129, 0, '2019-09-12', 34, NULL, '2019'),
	(34, 'CABRERA GONZALEZ HANNY NICOLE', '2004-06-20', 'PATRICIA  GONZALEZ', 'CALLE VICENTE GUERRERO 1102', '2228666470', 'Esp. Ingles', '6:00 a 7:30 martes a viernes', '2019-08-27', 37, 129, 0, '2019-09-12', 35, NULL, '2019'),
	(35, 'CABRERA GONZALEZ  JESSICA  MARIA', '2003-09-08', 'PATRICIA  GONZALEZ', 'CALLE :VICENTE GUERRERO 1102  BARRIO DE LA ASUNCION', '2228666470', 'Esp. Ingles', '10:30 a 12:00 martes a viernes', '2019-08-27', 37, 129, 0, '2019-09-12', 35, NULL, '2019'),
	(36, 'ESPAÑA DIAZ AZUL PAMELA', '2005-07-09', 'PAMELA  DIAZ CORTES', 'CALLE 6 OTE #111 BARRIO SANTA CATARINA', '2221803098', 'Esp. Ingles', '6:30 A 7:30 LUNES; MARTES; JUEVES Y VIERNES', '2019-08-27', 37, 149, 0, '2019-09-12', 35, NULL, '2019'),
	(37, 'ESPAÑA DIAZ DANNA ZATTIEL', '2010-11-09', 'PAMELA  DIAZ CORTES', 'CALLE 6 OTE #111 BARRIO SANTA CATARINA', '2221803098', 'Curso Infantil', '4:30 - 6:00 L-M-J-V', '2019-08-26', 37, 135, 0, '2019-09-12', 35, NULL, '2019'),
	(38, 'CASTELL SILVA  YAMILE  ISABELA', '2019-07-22', 'MARIA CRISTINA  SILVA', '68 OTE  #111 SANTA CATARINA  SAN FCO TOTIMEHUACAN', '2227339246', 'Esp. Ingles', '9.00 A 1:00 DOMINGO', '2019-08-25', 37, 129, 0, '2019-09-12', 35, NULL, '2019'),
	(39, 'MATA ESPAÑA  JUAN PABLO', '2004-03-12', 'CONSUELO ESPAÑA', 'CALLE 6 SUR #502 BARRIO DE LA ASUNCION  SAN FCO TOTIMEHUACAN', '2225729908', 'Esp. Ingles', '9:00 A.1:00 SABADO', '2019-08-24', 37, 129, 0, '2019-09-12', 34, NULL, '2019'),
	(40, 'SANCHEZ  HERNANDEZ  JESUS  SANTIAGO', '2009-01-23', 'MARIA  HDEZ', '5 OTE  Y 8TE', '2213574133', 'Curso Infantil', '4:30 - 6:00 L-M-J-V', '2019-08-26', 37, 129, 0, '2019-09-12', 35, NULL, '2019'),
	(41, 'MATA ESPAÑA  CINTIA', '2002-04-28', 'CONSUELO ESPAÑA', 'CALLE 6 SUR #502 BARRIO DE LA ASUNCION  SAN FCO TOTIMEHUACAN', '2225729908', 'Esp. Ingles', '9:00 A.1:00 SABADO', '2019-08-24', 37, 129, 0, '2019-09-12', 34, NULL, '2019'),
	(42, 'VALLON SOLORZANO MALANIE LAUDETTE', '2010-06-27', 'IDAMIS  DEL CARMEN SOLORZANO', 'NUESTRA SRA  DE FATIMA  LTE 1 MZ 2 CASA 13"D" LA GUADALUPANA', '2224468896', 'Curso Infantil', '4:30 - 6:00 L-M-J-V', '2019-08-26', 37, 129, 450, '2019-09-12', 35, NULL, '2019'),
	(43, 'CARRILLO BRIONES PAULA XIMENA', '2002-12-04', 'LUZ MARIA BRIONES', '5 NORTE 413', '2226775046', 'Curso Infantil', '4:30 - 6:00 L-M-J-V', '2019-08-26', 37, 129, 0, '2019-09-12', 35, NULL, '2019'),
	(44, 'VILLANUEVA  CAMACHO AMBAR KALINDA', '2005-09-21', 'LIRIO CAMACHO', 'PRIV. SANTO TOMAS  CASA 5 "A" FRACC SAN DIEGO SANTA CATARINA', '2223258532', 'Esp. Ingles', '9:00 A.1:00 SABADO', '2019-05-24', 37, 129, 0, '2019-09-12', 34, NULL, '2019'),
	(45, 'HERNANDEZ HERNANDEZ LEONARDO', '2012-11-11', 'MAGDALENA  HERNANDEZ', 'JUAN ESCUTIA #21 SANTA CLARA  LA VENTA', '2225428048', 'Curso Infantil', '9:00 A.1:00 SABADO', '2019-08-24', 37, 129, 0, '2019-09-12', 34, NULL, '2019'),
	(46, 'SANCHEZ SANCHEZ MIGUEL JOEL', '2005-06-04', 'MARIA DEL ROCIO SANCHEZ', 'CALLE 89 OTE #222 COL 16 DE SEPTIEMBRE', '2229004806', 'Esp.Diseño Grafico', '10:00 A 2:00 SABADO', '2019-08-24', 37, 129, 450, '2019-09-12', 34, NULL, '2019'),
	(47, 'PEREZ DIAZ JOSE CRISTIAN', '0005-12-16', 'MARIA ISABEL ATENCO', '4 ORIENTE Y 8 NORTE', '2211827424', 'Curso Infantil', '4:30 - 6:00 L-M-J-V', '2019-08-26', 37, 129, 222, '2019-09-12', 35, NULL, '2019'),
	(48, 'PONCE LEAL JOVANI', '2003-12-10', 'ENGRACIA LEAL MACHORRO', 'SANTA MARIA  SOCUILAC LA CANTERA', '2228796215', 'Esp. Ingles', '9:00 a 1:00 Domingo', '2019-08-25', 37, 129, 350, '2019-09-12', 35, NULL, '2019'),
	(49, 'GOMEZ MALACA  RICARDO FRANCISCO', '2004-10-05', 'MARIA DE LA PAZ MALACA CRUZ', 'CALLE 7 PTE #33 BARRIO SAN MIGUEL PUEBLA', '2214357060', 'Esp.Robotica', '9:00 a 10:30 LUNES; MARTES;  JUEVES Y VIERNES', '2019-08-26', 37, 129, 0, '2019-09-12', 35, NULL, '2019'),
	(50, 'CRUZ RAMIREZ JULIETA', '1989-07-31', 'ELLA MISMA', 'BARRIO DE SANTA CLARA CALLE MIGUEL HIDALGO', '2229000884', 'Esp.Asitente de Negocios con informatica', '4:30 - 6:00 L-M-J-V', '2019-08-26', 37, 129, 0, '2019-09-12', 35, NULL, '2019'),
	(51, 'CHAVEZ ISIDRO GIOVANNI', '2010-07-03', 'ERIKA ISIDRO BURGOS', 'CARRETERA VALSEQUILLO KM 135 SANTO TOMAS CHAUTLA', '2223587389', 'Curso Infantil', '10:00 A 2:00 SABADO', '2019-08-24', 37, 129, 0, '2019-09-12', 34, NULL, '2019'),
	(52, 'NEGRETE TORRES ALONDRA ARELI', '2012-01-17', 'MARIA DEL CARMEN TORRES NAVA', 'CALLE RIVERA  DE ALSESECA  S/N', '2225803696', 'Curso Infantil', '4:30 - 6:00 L-M-J-V', '2019-08-26', 37, 129, 0, '2019-09-12', 35, NULL, '2019'),
	(53, 'CHAVEZ ISIDRO GERALDINE', '2008-03-20', 'ERIKA ISIDRO BURGOS', 'CARRETERA VALSEQUILLO KM 135 SANTO TOMAS CHAUTLA', '2223587389', 'Curso Infantil', '10:00 A 2:00 SABADO', '2019-08-24', 37, 129, 0, '2019-09-12', 34, NULL, '2019'),
	(54, 'RAMIREZ OREA JENNIFER BRENDA', '2001-10-02', 'SANDRA OREA VAZQUEZ', 'CALLE NIÑOS HEROES  #2 BARRIO DE SAN JUAN', '2228750470', 'Esp.Diseño Grafico', '4:30 - 6:00 L-M-J-V', '2019-08-26', 37, 129, 0, '2019-09-12', 35, NULL, '2019'),
	(55, 'GONZALEZ OREA ANGEL CHRISTIAN', '2005-10-17', 'SANDRA OREA VAZQUEZ', 'CALLE NIÑOS HEROES  #2 BARRIO DE SAN JUAN', '2223640377', 'Esp.Diseño Grafico', '4:30 - 6:00 L-M-J-V', '2019-08-26', 37, 129, 0, '2019-09-12', 35, NULL, '2019'),
	(56, 'CHICO FRAGOSO GILBERTO', '2008-10-03', 'MARIA JUANA FRAGOSO RUIZ', 'CALLE ALELI N.3 COL. LOMAS DEL CARMEN', '2226625535', 'Taekwondo', '4:30 M; J Y V', '2019-08-26', 37, 100, 0, '2019-09-12', 35, NULL, '2019'),
	(57, 'GUZMAN MENDOZA MAXIMILIANO', '2008-09-18', 'HERIBERTO GUZMAN GUERRA', 'CALLE MOZTRANZAS #10 COL SAN PEDRO ZACACHIMALPAN', '5538415612', 'Curso de Matematicas', '4:30 a 6:00 LUNES; JUEVES Y VIERNES', '2019-08-26', 37, 70, 0, '2019-09-12', 35, NULL, '2019'),
	(58, 'GUZMAN MENDOZA MAXIMILIANO', '2008-09-18', 'HERIBERTO GUZMAN GUERRA', 'CALLE MOZTRANZAS #10 COL SAN PEDRO ZACACHIMALPAN', '5538415612', 'Curso Infantil', '10:00 A 2:00 SABADO', '2019-08-24', 37, 100, 0, '2019-09-12', 34, NULL, '2019'),
	(59, 'GUZMAN MENDOZA ANGEL HERIBERTO', '2005-06-21', 'HERIBERTO GUZMAN GUERRA', 'CALLE MOZTRANZAS #10 COL SAN PEDRO ZACACHIMALPAN', '5538415612', 'Esp.Diseño Grafico', '4:30 - 6:00 L-M-J-V', '2019-08-26', 37, 70, 0, '2019-09-12', 35, NULL, '2019'),
	(60, 'GUZMAN MENDOZA ANGEL HERIBERTO', '2019-06-21', 'HERIBERTO GUZMAN GUERRA', 'CALLE MOZTRANZAS #10 COL SAN PEDRO ZACACHIMALPAN', '5538415612', 'Esp. Ingles', '9:00 A.1:00 SABADO', '2019-08-24', 37, 70, 0, '2019-09-12', 34, NULL, '2019'),
	(61, 'CRUZ CARRILLO ANA YARETZI', '2001-08-01', 'ELLA MISMA', 'AV. VALSEQUILLO TORIJA CALLE PUERTA DE GOLPE N.4', '2221111822', 'Esp. Ingles', '9:00 A.1:00 SABADO', '2019-08-24', 37, 129, 0, '2019-09-12', 34, NULL, '2019'),
	(62, 'TECUACO DIEGO ALAN', '2008-09-12', 'ALEJNDRA DIEGO LIMON', 'AV. SAN DANIEL S/N SAN BALTAZAR TORIJA', '2226569656', 'Curso Infantil', '10:00 A 2:00 SABADO', '2019-08-24', 37, 79, 0, '2019-09-12', 34, NULL, '2019'),
	(63, ' MORALES SALAS RICARDO', '2004-05-01', 'MARIA ELENA SALAS LUNA', 'AV. 3 NTE #1010 BARRIO DE SANTA CATARINA', '2223056377', 'Esp. Ingles', '6:00 a 7:30 martes a viernes', '2019-08-27', 37, 129, 0, '2019-09-12', 35, NULL, '2019'),
	(64, 'ROJAS ROSETE FERNANDO', '2019-04-26', 'ROSANGELA ROSETE VALLADOLID', 'CALLE 6 NORTE 108 BARRIO SANTA CATARINA', '2225237650', 'Curso Infantil', '10:00 A 2:00 SABADO', '2019-08-24', 37, 129, 0, '2019-09-12', 34, NULL, '2019'),
	(65, 'ROJAS ROSETE FATIMA', '2019-06-01', 'ROSANGELA ROSETE VALLADOLID', 'CALLE 6 NORTE 108 BARRIO SANTA CATARINA', '2225237650', 'Curso Infantil', '10:00 A 2:00 SABADO', '2019-08-24', 37, 129, 0, '2019-09-12', 34, NULL, '2019'),
	(66, 'PASTRANA  LUNA HANYA ELIZABETH', '2006-03-20', 'MARIBEL  LUNA GONZALEZ', 'PRIVADA TLALOT L3 M7', '2223505487', 'Curso Infantil', '4:30 - 6:00 L-M-J-V', '2019-08-26', 37, 129, 350, '2019-09-12', 35, NULL, '2019'),
	(67, 'ATENCO QUIROZ JUAN ANTONIO', '2005-02-19', 'JUANA QUIROZ', '15 ORIENTE S/N BARRIO LOS REYES', '2222016870', 'Esp. Ingles', '9.00 A 1:00 DOMINGO', '2019-08-25', 37, 129, 300, '2019-09-12', 35, NULL, '2019'),
	(68, 'LUNA GONZALEZ MARIA GUADALUPE', '1999-07-09', 'ELLA MISMA', 'CALLE CUEXCOMATE COLONIA PATRIA NUEVA', '2212460889', 'Esp. Ingles', '10:30 a 12:00 martes a viernes', '2019-01-27', 37, 115, 0, '2019-09-12', 35, NULL, '2019'),
	(69, 'LUNA GONZALEZ MARIA GUADALUPE', '1999-07-09', 'ELLA MISMA', 'CALLE CUEXCOMATE COLONIA PATRIA NUEVA', '2212460889', 'Esp.Diseño Grafico', '9:00 A 10:30 L-M-J-V', '2019-08-26', 37, 115, 0, '2019-09-12', 35, NULL, '2019'),
	(70, 'ARRONTE VELASCO ISAIAS ISRAEL', '1997-08-15', 'MARIA EUGENIA VELASCO CARDENAS', '4 NORTE N.10 BARRIO DE SANTA CATARINA', '2221891121', 'Esp. Ingles', '10:30 a 12:00 martes a viernes', '2019-08-27', 37, 129, 0, '2019-09-12', 35, NULL, '2019'),
	(71, 'MORENO PEREZ  MARIA FERNANDA', '2004-12-17', 'MARIA DEL ROCIO PEREZ CASTAÑEDA', 'CALLE BENITO JUAREZ N.2 BARRIO LA ASUNCIÓN', '2212731779', 'Esp. Ingles', '10:30 a 12:00 martes a viernes', '2019-08-27', 37, 129, 0, '2019-09-12', 35, NULL, '2019'),
	(72, 'MORENO PEREZ LUIS GUSTAVO', '2008-07-17', 'MARIA DEL ROCIO PEREZ CASTAÑEDA', 'CALLE BENITO JUAREZ N.2 BARRIO LA ASUNCIÓN', '2223054207', 'Curso Infantil', '4:30 - 6:00 L-M-J-V', '2019-08-26', 37, 129, 0, '2019-09-12', 35, NULL, '2019'),
	(73, 'GOMEZ LUVIANO MARTHA ELENA', '2002-06-27', 'ESPERANZA LUVIANO CERVANTES', 'AV. LIBERTAD VILLAS DE SANTA CATARINA N. 3621 INT. 401 EDIF', '2223186358', 'Esp. Ingles', '10:30 a 12:00 martes a viernes', '2019-08-27', 37, 129, 0, '2019-09-12', 35, NULL, '2019'),
	(74, 'VARGAS PADILLA LIDIA YARET', '2011-02-16', 'KAROL KATHRYN FIGUEROA', 'AV. NIÑOS HEROES DE CHAPULTEPEC N.28', '2224568153', 'Curso Infantil', '10:00 A 2:00 SABADO', '2019-08-24', 37, 129, 0, '2019-09-12', 34, NULL, '2019'),
	(75, 'PEREZ CRUZ ANA BELEM', '2001-05-24', 'CONCEPCION CRUZ AGUILAR', 'CALLE VICENTE GUERRERO N. 705 SAN FRANCISCO TOTIMEHUACAN', '2212461733', 'Esp. Ingles', '6:00 a 7:30 martes a viernes', '2019-08-27', 37, 129, 0, '2019-09-12', 35, NULL, '2019'),
	(76, 'ROMERO LOAIZA LUIS MARCO', '1996-10-08', 'EL MISMO', 'CALLE NUESTRA SEÑORA DE LA LUZ LOTE 15 CASA 6D LA GUADALUPAN', '2228975429', 'Esp. Ingles', '10:30 a 12:00 martes a viernes', '2019-08-27', 37, 135, 0, '2019-09-12', 35, NULL, '2019'),
	(77, 'CHETLA SALAS ROMAN', '2011-11-13', 'IRAIS SALAS CORONA', 'CALLE MIGUEL HIDALGO S/N', '2211271504', 'Curso Infantil', '10:00 A 2:00 SABADO', '2019-08-24', 37, 129, 0, '2019-09-12', 34, NULL, '2019'),
	(78, 'GONZALEZ BATANA JESUS ABRAHAM', '2004-12-24', 'MARIO SADOF BATANA AGUILAR', 'CALLE NOGALES N. 33', '2231176001', 'Esp. Ingles', '6:00 a 7:30 martes a viernes', '2019-08-27', 37, 135, 0, '2019-09-12', 35, NULL, '2019'),
	(79, 'HERNANDEZ BRINGAS AMBER NATHALI', '2013-05-12', 'MARY CARMEN BRINGAS CARBENTE', 'CALLE 8 SUR S/N BARRIO LOS REYES SAN FCO TOTIMEHUACAN', '2223765363', 'Curso Infantil', '9.00 A 1:00 DOMINGO', '2019-08-25', 37, 129, 0, '2019-09-12', 35, NULL, '2019'),
	(80, 'CAMPOS ROSAS MIGUEL ANGEL', '2005-05-05', 'GABRIELA ROSAS CHETLA', 'CALLE IGNACIO ZARAGOZA S.N', '2229231430', 'Esp.Diseño Grafico', '4:30 - 6:00 L-M-J-V', '2019-08-26', 37, 129, 0, '2019-09-12', 35, NULL, '2019'),
	(81, 'SANCHEZ FLORES DIANELY ELIZABETH', '2004-08-11', 'GPE E. FLORES MARTINEZ', 'NUESTRA SRA DE LA SOLEDAD LOTE 6 MZA 10 CASA 6D', '2212588162', 'Esp. Ingles', '6:00 a 7:30 martes a viernes', '2019-08-26', 37, 135, 0, '2019-09-12', 35, NULL, '2019'),
	(82, 'MALACA MARTINEZ ROSY VALERIA', '2005-04-11', 'ANGELICA MARTINEZ FLORES', 'CALLE BENITO JUAREZ N.3 SAN PEDRO ZACACHIMALPA', '2222765616', 'Esp. Ingles', '9:00 A.1:00 SABADO', '2019-08-24', 37, 135, 0, '2019-09-12', 34, NULL, '2019'),
	(83, 'GARCIA SANCHEZ DAVID URIEL', '2001-12-09', 'LAUREANO GARCIA CORTES', 'CALLE 9 SUR LOTE 10 BARRIO LOS REYES', '2221392006', 'Esp.Diseño Grafico', '9:00 A.1:00 SABADO', '2019-08-24', 37, 129, 0, '2019-09-12', 34, NULL, '2019'),
	(84, 'GARCIA SANCHEZ DAVID URIEL', '2001-12-09', 'LAUREANO GARCIA CORTES', 'CALLE 8 SUR LOTE 10 BARRIO LOS REYES', '2221392006', 'Esp. Ingles', '9:00 a 1:00 Domingo', '2019-09-25', 37, 135, 440, '2019-09-12', 35, NULL, '2019'),
	(85, 'VAZQUEZ ROJAS BRYANT UZIEL', '2004-11-12', 'ANA MARIA ROJAS GONZAGA', 'CALLE CORREGIDORA N.818 SAN BALTAZAR CAMPECHE', '2211074313', 'Esp. Ingles', '6:00 a 7:30 martes a viernes', '2019-08-27', 37, 135, 0, '2019-09-12', 35, NULL, '2019'),
	(86, 'GONZALEZ ROMERO ZURIEL', '2002-10-21', 'LIDIA ROMERO VARGAS', 'LA LIBERTAD TECOLA PUEBLA CALLE AQUILES SERDAN', '2224617030', 'Esp. Ingles', '9.00 A 1:00 DOMINGO', '2019-08-25', 37, 135, 0, '2019-09-12', 35, NULL, '2019'),
	(87, 'RAMIREZ MEDINA JOSE NOE', '2007-06-27', 'ROGELIA MEDINA VARGAS', 'CAMINO A LOS CANTILES N. 10 SAN BALTAZAR TETELA', '2221431346', 'Otro Curso', '9:00 A.1:00 SABADO', '2019-08-24', 37, 129, 0, '2019-09-12', 34, NULL, '2019'),
	(88, 'ROJAS PADILLA EVELIN NICOL', '2010-08-22', 'ABIGAIL PADILLA CORONA', 'AV. TECAL N.40 SAN BALTAZAR TORIJA', '2214282523', 'Curso Infantil', '10:00 A 2:00 SABADO', '2019-08-24', 37, 129, 0, '2019-09-12', 34, NULL, '2019'),
	(89, 'MORALES MORQUECHO LEONARDO', '2005-07-28', 'VIRGINIA MORQUECHO RUBIO', 'MARIANO MATAMOROS N.206', '2228307854', 'Esp. Ingles', '6:00 a 7:30 martes a viernes', '2019-08-27', 37, 135, 0, '2019-09-12', 35, NULL, '2019'),
	(90, 'CASTELAN JUAREZ DANIEL', '2007-10-26', 'TERESA JUAREZ FLORES', '2 NORTE N.64 BARRIO DE SANTA CATARINA', '2223834908', 'Curso Infantil', '4:30 - 6:00 L-M-J-V', '2019-08-26', 37, 129, 0, '2019-09-12', 35, NULL, '2019'),
	(91, 'FLORES MINERO JULIANA', '2019-08-12', 'MARIA LUISA MINERO HERNANDEZ', 'SAN FRANCISCO TOTIMEHUACAN BARRIO LA ASUNCION', '2225815754', 'Curso Infantil', '9:00 a 1:00 Domingo', '2019-08-25', 37, 129, 0, '2019-09-12', 35, NULL, '2019'),
	(92, 'SANCHEZ ESPAÑA NOE', '2009-08-07', 'ALMA YEZMIN ESPAÑA CRUZ', 'CALLE IGNACIO ZARAGOZA N.606 BARRIO DE SANTA CATARINA', '2223249597', 'Curso Infantil', '9.00 A 1:00 DOMINGO', '2019-02-25', 37, 129, 0, '2019-09-12', 35, NULL, '2019'),
	(93, 'SANCHEZ ESPAÑA GUADALUPE', '2007-08-02', 'ALMA YEZMIN ESPAÑA CRUZ', 'CALLE IGNACIO ZARAGOZA N.606 BARRIO DE SANTA CATARINA', '2223249597', 'Esp. Ingles', '9.00 A 1:00 DOMINGO', '2019-08-25', 37, 129, 0, '2019-09-12', 35, NULL, '2019'),
	(94, 'SANCHEZ ESPAÑA PEDRO SANTIAGO', '2004-03-17', 'ALMA YEZMIN ESPAÑA CRUZ', 'CALLE IGNACIO ZARAGOZA N.606 BARRIO DE SANTA CATARINA', '2223249597', 'Esp. Ingles', '9.00 A 1:00 DOMINGO', '2019-08-25', 37, 129, 0, '2019-09-12', 35, NULL, '2019'),
	(95, 'SANCHEZ CANO LAURA JULIETA', '1980-12-25', 'ELLA MISMA', 'NUESTRA SRA. DE GUADALUPE MZA 6 L.9 N.7A LA GUADALUPANA', '2224357641', 'Esp.Asitente de Negocios con informatica', '9:00 A.1:00 SABADO', '2019-08-26', 37, 129, 0, '2019-09-12', 35, NULL, '2019'),
	(96, 'RODRIGUEZ ROMERO ARIZBETH', '2005-10-31', 'MA. LOURDES RODRIGUEZ ROMERO', 'CALLE DE LOS PORTALES 7A FRACC. BARRIOS DE SANTA CATARINA', '2221434883', 'Esp. Ingles', '9:00 A.1:00 SABADO', '2019-08-24', 37, 140, 0, '2019-09-12', 34, NULL, '2019'),
	(97, 'RODRIGUEZ ROMERO ARIZBETH', '2005-10-31', 'MA. LOURDES RODRIGUEZ ROMERO', 'CALLE DE LOS PORTALES 7A FRACC. BARRIOS DE SANTA CATARINA', '2221434883', 'Curso de Matematicas', '4:30 a 6:00 LUNES; JUEVES Y VIERNES', '2019-08-26', 37, 129, 0, '2019-09-12', 35, NULL, '2019'),
	(98, 'RAMOS MUÑOZ DENISE', '2008-02-19', 'MANUEL RAMOS GARCIA', 'CALLE MIGUEL HIDALGO N.14 SAN JOSE TEJALUCA', '2221182695', 'Curso Infantil', '10:00 A 2:00 SABADO', '2019-08-24', 37, 129, 0, '2019-09-12', 34, NULL, '2019'),
	(99, 'CHAVEZ NAVARRO YENNI FERNANDA', '2005-12-26', 'VIRGINIA NAVARRO GARCIA', 'AVENIDA CONSTITUCION S/N ATRAS DE LAS OFICINAS EJIDALES', '2227784607', 'Esp. Ingles', '6:00 a 7:30 martes a viernes', '2019-08-27', 37, 149, 0, '2019-09-12', 35, NULL, '2019'),
	(100, 'POCEROS DEOLARTE JOHANNA', '2006-01-08', 'SARA NICOMEDES HDZ HDZ', 'BARRIO DE GUADALUPE TLATELPA PRIVADA ALAMOS S/N', '2223120320', 'Esp.Asitente de Negocios con informatica', '9:00 A.1:00 SABADO', '2019-08-24', 37, 129, 0, '2019-09-12', 34, NULL, '2019'),
	(101, 'FLORES JIMENEZ JOEL', '2007-08-11', 'ESTEBAN FLORES TORRES', 'SAN PEDRO ZACACHIMALPA CALLE 8 SUR N.3', '2227257310', 'Curso Infantil', '4:30 - 6:00 L-M-J-V', '2019-08-24', 37, 135, 0, '2019-09-12', 35, NULL, '2019'),
	(102, 'CARBENTE SANCHEZ NURI ABIGAIL', '2011-11-07', 'LAURA JULIETA SANCHEZ CANO', 'CALLE NUESTRA SRA DE GUADALUPE MZA 6 LOTE 9 N. 7A LA GUADALU', '2222222222', 'Curso Infantil', '9.00 A 1:00 DOMINGO', '2019-08-25', 37, 129, 250, '2019-09-12', 35, NULL, '2019'),
	(103, 'LARRACILLA VELAZQUEZ MAYUMI YUSLIN', '2006-08-29', 'BLANCA ISAURA VELAZQUEZ VELAZQUEZ', '13 ORIENTE N. 1118 BARRIO LA ASUNCION', '2211573732', 'Esp. Ingles', '6:00 a 7:30 martes a viernes', '2019-08-27', 37, 149, 0, '2019-09-13', 35, NULL, '2019'),
	(104, 'BECERRIL NAVARRO LUIS ANGEL', '2006-07-26', 'ESPERANZA NAVARRO GLZ', 'SANTO TOMAS CHAUTLA BARRIO DE SAN JOSE CALLE DE LUIS QUIROGA', '2223773679', 'Esp.Robotica', '4:30 - 6:00 L-M-J-V', '2019-08-26', 37, 129, 0, '2019-09-13', 35, NULL, '2019'),
	(105, 'NAVARRO GONZALEZ IYALI', '2011-12-27', 'ESPERANZA NAVARRO GLZ', 'SANTO TOMAS CHAUTLA BARRIO DE SAN JOSE CALLE DE LUIS QUIROGA', '2223773679', 'Curso Infantil', '9:00 a 1:00 Domingo', '2019-08-25', 37, 129, 0, '2019-09-13', 35, NULL, '2019'),
	(106, 'HERNANDEZ CORDOBA JOSWA', '2002-08-12', 'MINERVA CORDOBA DIEGO', 'SANTA CRUZ S/N', '2228367539', 'Esp. Ingles', '9:00 A.1:00 SABADO', '2019-08-31', 37, 149, 0, '2019-09-13', 35, NULL, '2019'),
	(107, 'QUINTO ZAMORA ALDO', '2010-01-08', 'TERESA AGUILA VAZQUEZ', 'CALLE QUETZACOATL LOTE 10 COL; QUETZACOATL 2DA SECCION SAN F', '2221102716', 'Curso Infantil', '9.00 A 1:00 DOMINGO', '2019-08-25', 37, 135, 0, '2019-09-13', 35, NULL, '2019'),
	(108, 'MARTINEZ RAMIREZ EMILIANO', '2001-02-21', 'EL MISMO', 'CALLE 8 SUR N. 13 SAN PEDRO ZACACHIMALPA', '2226763416', 'Esp. Ingles', '10:30 a 12:00 martes a viernes', '2019-09-03', 37, 149, 0, '2019-09-13', 36, NULL, '2019'),
	(109, 'MARTINEZ RAMIREZ EMILIANO', '2001-02-21', 'EL MISMO', 'CALLE 8 SUR N. 13 SAN PEDRO ZACACHIMALPA', '2226763416', 'Curso de Matematicas', '9:00 A 10:30 L-M-J-V', '2019-09-02', 37, 115, 0, '2019-09-13', 36, NULL, '2019'),
	(110, 'SANCHEZ CANO FERNANDO ANGEL', '2004-06-04', 'rosa cano bautista', 'CALLE FCO VILLA S/N (CASA COLOR AMARILLO POR LA PRIMARIA Y L', '2227925336', 'Esp. Ingles', '9:00 A.1:00 SABADO', '2019-09-07', 37, 149, 0, '2019-09-13', 36, NULL, '2019'),
	(111, 'VEGA GARCIA ANDREA CRYSSTELLE', '2007-11-24', 'JUANA GARCIA ROMERO', 'DE LAS CRUCES 12F FRACC. BARRIOS DE STA CATARINA', '2221016838', 'Curso Infantil', '6:30 A 7:30 LUNES; MARTES; JUEVES Y VIERNES', '2019-10-07', 37, 135, 280, '2019-09-13', 41, NULL, '2019'),
	(112, 'GARCIA VAZQUEZ CARLOS EDUARDO', '2009-10-13', 'DIANA JAQUELINE VAZQUEZ MEDINA', 'CALZADA  EMILIANO ZAPATA #6511 COL. LOMAS DE SAN MIGUEL', '2223911349', 'Curso Infantil', '6:30 A 7:30 LUNES; MARTES; JUEVES Y VIERNES', '2019-10-07', 41, 135, 0, '2019-10-07', 41, NULL, '2019'),
	(113, 'GARCIA VAZQUEZ MARIA GUADALUPE', '2006-10-26', 'DIANA JAQUELINE VAZQUEZ MEDINA', 'CALZADA  EMILIANO ZAPATA #6511 COL. LOMAS DE SAN MIGUEL', '2223911349', 'Curso Infantil', '6:30 A 7:30 LUNES; MARTES; JUEVES Y VIERNES', '2019-10-07', 41, 135, 0, '2019-10-07', 41, NULL, '2019'),
	(114, 'LOZANO PEREZ DIANA', '2004-02-26', 'ANA LAURA PEREZ ATENCO', 'CALLE 2 ORIENTE BARRIO DE STA CATARINA', '2211077429', 'Esp. Ingles', '4:30 a 5:30 MARTES A VIERNES', '2019-09-24', 41, 149, 0, '2019-10-08', 39, NULL, '2019'),
	(115, 'CHETLA MORALES MARIA KARLA', '2002-07-05', 'VICTOR CHETLA GARCIA', 'PRIVADA DEL MEZQUITE 5 BARRIO DE SAN JUAN', '2224659665', 'Esp. Ingles', '9:00 A.1:00 SABADO', '2019-08-31', 37, 149, 0, '2019-09-13', 35, NULL, '2019'),
	(116, 'VAZQUEZ CORTEZ  CRISTIAN ABUNDIO', '2006-02-16', 'JUANA CORTEZ RODRIGUEZ', 'CALLE AVELLANAS 8 COL. SANTA CATARINA', '2211503303', 'Esp. Ingles', '9:00 A.1:00 SABADO', '2019-08-31', 37, 149, 0, '2019-09-13', 36, NULL, '2019'),
	(117, 'MONTES MARIN ALONDRA', '2002-12-17', 'KARLA MARIN MACIAS', 'CALLE NUESTRA SRA DE FATIMA LOTE 1 MZA 2 CASA13 D', '2224966088', 'Esp. Ingles', '9.00 A 1:00 DOMINGO', '2019-09-01', 37, 149, 0, '2019-09-13', 36, NULL, '2019'),
	(118, 'LIMA ESPINOZA JOSE ANGEL', '2011-08-11', 'MA. DEL ROCIO ESPINOSA FLORES', '9 ORIENTE 804 SAN FRANCISCO', '2212539636', 'Curso Infantil', '9.00 A 1:00 DOMINGO', '2019-09-01', 37, 135, 0, '2019-09-13', 36, NULL, '2019'),
	(119, 'VELAZQUEZ TORRES SANTIAGO TADEO', '2013-08-29', 'LUCIA TORRES NICOLAS', 'CERRADA DEL DEAN  3 "E" BARRIOS DE SANTA CATARINA', '2211896590', 'Curso Infantil', '9.00 A 1:00 DOMINGO', '2019-09-08', 37, 129, 0, '2019-09-13', 37, NULL, '2019'),
	(120, 'PAZ CARBENTE SAITH', '2008-10-14', 'ARACELI CARBENTE ROSAS', '4 NORTE N.8 SAN FCO', '2228248194', 'Curso Infantil', '9.00 A 1:00 DOMINGO', '2019-09-08', 37, 135, 0, '2019-09-13', 37, NULL, '2019'),
	(121, 'CUAUTLE  CHETLA MARIA ELENA', '1987-06-19', 'ELLA MISMA', 'CALLE 9 PONIENTE BARRIO LA ASUNCION', '2227240853', 'Esp.Diseño Grafico', '9:00 A 10:30 L-M-J-V', '2019-09-09', 37, 129, 0, '2019-09-13', 37, NULL, '2019'),
	(122, 'MORALES CUAUTLE  JOLETTE  ELENA', '2005-04-12', 'MARIA ELENA CUAUTLE', 'CALLE 9 ORIENTE BARRIO LA ASUNCION', '2227240853', 'Esp. Ingles', '9:00 a 1:00 Domingo', '2019-09-08', 37, 149, 0, '2019-09-13', 37, NULL, '2019'),
	(123, 'RIVERA ZENTENO ABRAHAM', '2004-10-13', 'ROSALBA ZENTENO CARBARIN', 'AV. HERMANOS SERDAN 38 SAN PEDRO ZACACHIMALPA', '2221667099', 'Esp. Ingles', '10:30 a 12:00 martes a viernes', '2019-09-17', 37, 149, 0, '2019-09-13', 38, NULL, '2019'),
	(124, 'RIVERA ZENTENO ABRAHAM', '2004-10-13', 'ROSALBA ZENTENO CARBARIN', 'AV. HERMANOS SERDAN 38 SAN PEDRO ZACACHIMALPA', '2221667099', 'Curso Basico', '9:00 A 10:30 L-M-J-V', '2019-09-17', 37, 129, 0, '2019-09-13', 37, NULL, '2019'),
	(125, 'MARTINEZ VELAZQUEZ  LUZ ARIANA', '2007-11-26', 'BERENICE VELAZQUEZ LOPEZ', 'CALLE 8 SUR N. 800 SAN FCO', '2213467035', 'Curso Infantil', '9.00 A 1:00 DOMINGO', '2019-10-13', 38, 135, 0, '2019-09-22', 42, NULL, '2019'),
	(126, 'MUÑOZ ROMERO MONICA  XIMERA STEPHANIA', '2005-05-05', 'IVAN  DE LA TORRE', 'AV. HEROES DE LA CHA 329  BUENA VISTA  TETELA', '3318929731', 'Esp. Ingles', '6:00 a 7:30 martes a viernes', '2019-09-17', 37, 149, 0, '2019-09-15', 38, NULL, '2019'),
	(127, 'ESPAÑA RUBIN MARIA DEL ROCIO', '2004-08-09', 'CECILIA  RUBIN CARBENTE', 'PRIV. NTE #806 BARRIO DE  SANTA CATARINA', '2225638755', 'Esp. Ingles', '9:00 A.1:00 SABADO', '2019-09-21', 38, 149, 0, '2019-09-15', 38, NULL, '2019'),
	(128, 'GARRIDO GUZMAN  GABY MICHELL', '2006-11-30', 'EVA GUZMAN MTZ', 'ARTICULO 1 MIRADOR 1', '2223346958', 'Esp. Ingles', '9.00 A 1:00 DOMINGO', '2019-09-22', 37, 149, 0, '2019-09-15', 39, NULL, '2019'),
	(129, 'SILVA TORRES VERONICA', '1986-11-12', 'ELLA MISMA', '15 OTE  Y 6 SUR BARRIO DE LOS REYES SAN FCO TOTIMEHUACAN', '2224075065', 'Esp.Asitente de Negocios con informatica', '9:00 A.1:00 SABADO', '2019-09-21', 38, 129, 0, '2019-09-17', 38, NULL, '2019'),
	(130, 'LOPEZ JIMENEZ MARIA GUADALUPE', '2005-12-12', 'ROSA MARIA  JIMENEZ RODRIGUEZ', 'CARRETERA  VALSEQUILLO S/N  COL EL OASIS', '2229012829', 'Esp.Diseño Grafico', '9:00 a 10:30 LUNES; MARTES Y JUEVES', '2019-09-23', 38, 129, 0, '2019-09-18', 39, NULL, '2019'),
	(131, 'HERNANDEZ CAMARENA  LILIANA', '1999-08-02', 'LILIANA CAMARENA GONZALEZ', 'CALLE: LUIS M ROJAS MZ 8 LTE 13 COL ARTICULO PRIMERO', '2226834551', 'Esp. Ingles', '6:30 A 7:30  MARTES; MIERCOLES ;JUEVES Y VIERNES', '2019-10-29', 38, 149, 0, '2019-09-18', 44, NULL, '2019'),
	(132, 'SANCHEZ JUAREZ JOSE MANUEL', '2019-09-05', 'EL MISMO', 'Bvl. Carlos camacho espiritu', '1233234223', 'Esp.Diseño Grafico', '10:00 A 2:00 SABADO', '2019-09-12', 38, 120, 0, '2019-09-18', 35, NULL, '2019'),
	(133, 'GARCIA TORRES JOSE OMAR', '2001-03-15', 'MARIA VERONICA TORRES', 'CALLE.  JACARANDAS #10 LOMAS DE COATEPEC', '2225134594', 'Esp. Ingles', '9.00 A 1:00 DOMINGO', '2019-09-22', 38, 149, 0, '2019-09-22', 39, NULL, '2019'),
	(134, 'GASPAR HURTADO JOSE ESTEBAN', '2003-05-08', 'CELERSTINO GASPAR FUGUEROA', 'PRIV. B PEMEX   LT.3 MZ.11 COL. 18 DE MARZO', '2223488898', 'Esp. Ingles', '6:30 A 7:30  MARTES; MIERCOLES ;JUEVES Y VIERNES', '2019-10-28', 38, 149, 0, '2019-09-19', 44, NULL, '2019'),
	(135, 'GASPAR HURTADO NATALIA', '2006-02-09', 'CELERSTINO GASPAR FIGUEROA', 'PRIV. B PEMEX   LT.3 MZ.11 COL. 18 DE MARZO', '2223488898', 'Esp. Ingles', '6:30 A 7:30  MARTES; MIERCOLES ;JUEVES Y VIERNES', '2019-10-28', 38, 149, 0, '2019-09-19', 44, NULL, '2019'),
	(136, 'SERRANO PASTRANA GABRIEL', '2005-10-09', 'GABRIELA PASTRANA SANCHEZ', 'AV. DEL RIO ALSECECA #13A BARRIO DE CHETLA', '2211924818', 'Esp. Ingles', '9:00 A.1:00 SABADO', '2019-09-21', 38, 149, 0, '2019-09-20', 38, NULL, '2019'),
	(137, 'MARCOS SANTOS EDMUNDO', '2005-11-28', 'EPIFANIA SANTOS RAMOS', 'PRIVADA BUGAMBILIAS N102', '2226713407', 'Esp. Ingles', '1:00 a 5:00 SABADO', '2019-11-09', 39, 149, 0, '2019-09-28', 45, NULL, '2019'),
	(138, 'GREGORIO CECILIO ERIKA', '1999-03-03', 'DEMETRIA CECILIO FLORES', 'CALLE ALAMOS', '2215167141', 'Esp.Diseño Grafico', '4:30 - 6:00 L-M-J-V', '2019-09-23', 38, 135, 0, '2019-09-22', 40, NULL, '2019'),
	(139, 'MORENO GOMEZ MONICA GUADALUPE', '2005-08-27', 'THANIA GOMEZ SANCHEZ', 'CERRADA SANTA INES MOD. 2 CASA 3 FRACC. STA. CATARINA', '2213648802', 'Esp. Ingles', '9.00 A 1:00 DOMINGO', '2019-09-29', 38, 149, 380, '2019-09-22', 40, NULL, '2019'),
	(140, 'SANTIAGO  TIRZO VICKI ABIGAIL', '2006-07-23', 'SRA TIRZO', 'CALLE. FCO  VILLA S/N  SANTO TOMAS CHAUTLA', '2225812867', 'Esp. Ingles', '9.00 A 1:00 DOMINGO', '2019-10-27', 39, 149, 480, '2019-09-23', 44, NULL, '2019'),
	(141, 'MENESES PAZ JOSE MANUEL', '1998-04-11', 'EL MISMO', 'CALLE 2 SUR N 6 SAN JOSE TEJALUCA', '2225632366', 'Esp. Ingles', '6:30 A 7:30 LUNES; MARTES; JUEVES Y VIERNES', '2019-10-29', 39, 149, 180, '2019-09-23', 44, NULL, '2019'),
	(142, 'VEGA CORTES HECTOR', '2005-02-05', 'CATARINA CORTEZ LOPEZ', 'EMILIANO ZAPATA S/N BARRIO LA CONCHITA', '2224284583', 'Esp. Ingles', '6:30 A 7:30  MARTES; MIERCOLES ;JUEVES Y VIERNES', '2019-10-08', 40, 149, 0, '2019-09-30', 41, NULL, '2019'),
	(143, 'BAUTISTA DE LA CRUZ MARIA KATERINE', '2005-08-17', 'OBDULIO DE LA CRUZ', '11 OTE  ENTRE 8 Y 10 SUR SIN NUMERO', '2211501758', 'Esp. Ingles', '6:30 A 7:30  MARTES; MIERCOLES ;JUEVES Y VIERNES', '2019-10-29', 39, 149, 0, '2019-09-23', 44, NULL, '2019'),
	(144, 'BAUTISTA DE LA CRUZ MARIA STEFANY', '2005-08-17', 'OBDULIA DE LA CRUZ', '11 OTE  ENTRE 8 Y 10 SUR SIN NUMERO', '2211501758', 'Esp. Ingles', '6:30 A 7:30  MARTES; MIERCOLES ;JUEVES Y VIERNES', '2019-10-29', 39, 149, 0, '2019-09-23', 44, NULL, '2019'),
	(145, 'MORGA ORTEGA ERIKA YESENIA', '1984-01-06', 'ELLA MISMA', 'PRIVADA LAS FLORES N. 3 BARRIO DE SAN JUAN TEPEPA SANTO TOMA', '2225515407', 'Curso Basico', '4:30 - 6:00 L-M-J-V', '2019-09-30', 40, 129, 0, '2019-10-01', 40, NULL, '2019'),
	(146, 'TLACOMULCO CARBENTE GUSTAVO ADOLFO', '1999-07-24', 'EL MISMO', 'CARRIL DE SAN FRANCISCO S/N BARRIO DE SAN JUAN', '2211280006', 'Esp. Ingles', '6:30 A 7:30 LUNES; MARTES; JUEVES Y VIERNES', '2019-10-29', 39, 149, 180, '2019-09-27', 44, NULL, '2019'),
	(147, 'LOZANO HERNADEZ MARIA JANETTE', '2005-08-28', 'SOCORRO HERNANDEZ SANTIAGO', '2 ORIENTE BARRIO DE SANTA CATARINA', '2214365863', 'Esp. Ingles', '1:00 a 5:00 SABADO', '2019-11-09', 45, 139, 0, '2019-11-07', 45, NULL, '2019'),
	(148, 'GARCIA GONZALEZ ARANZA ITZEL', '2008-05-02', 'MARIA MARGARITA GONZALEZ HERNENDEZ', '15 SUR 700 B BARRIO DE SAN MIGUEL', '2211930147', 'Curso Infantil', '9:00 a 1:00 Domingo', '2019-10-27', 39, 135, 250, '2019-09-28', 44, NULL, '2019'),
	(149, 'ROMERO ESCOBAR DANIEL', '2011-04-11', 'MARIA DE LA PAZ ESCOBAR FLORES', 'MIGUEL HIDALGO SAN TOMAS CHAUTLA', '2228844988', 'Curso Infantil', '9.00 A 1:00 DOMINGO', '2019-10-27', 43, 139, 0, '2019-10-21', 44, NULL, '2019'),
	(150, 'ROMERO ESCOBAR DAVID', '2011-04-11', 'MARIA DE LA PAZ ESCOBAR FLORES', 'MIGUEL HIDALGO SAN TOMAS CHAUTLA', '2228844988', 'Curso Infantil', '9.00 A 1:00 DOMINGO', '2019-10-27', 43, 139, 0, '2019-10-21', 44, NULL, '2019'),
	(151, 'SANTEL SALAZAR ANYELIN LIZBETH', '2007-03-28', 'JACQUELINE SALAZAR RIVERA', 'CALLE VICENTE GUERRERO N.904 BARRIO LA ASUNCION', '2228295566', 'Esp.Robotica', '4:30 - 6:00 L-M-J-V', '2019-09-30', 40, 139, 0, '2019-10-01', 40, NULL, '2019'),
	(152, 'RAMOS SALGADO LUIS DANIEL', '2008-11-19', 'ANA MARIA SALGADO IGNACIO', 'C.ORIENTE N.204 BARRIO LA ASUNCION', '2211616032', 'Curso Infantil', '6:30-7:30 L.M.J.V', '2019-10-07', 39, 139, 380, '2019-09-28', 41, NULL, '2019'),
	(153, 'AGUILAR LOPEZ DIANA PAOLA', '2006-09-20', 'MARIA ARACELI SANCHEZ LOPEZ', 'PRIV. 5 NTE 806 BARRIO STA. CATARINA', '2224894043', 'Esp. Ingles', '1:00 a 5:00 SABADO', '2019-11-09', 39, 149, 0, '2019-09-28', 45, NULL, '2019'),
	(154, 'PEREZ ROSAS SALVADOR', '2010-04-29', 'SILVIA ROSAS TORRES', 'C. VICENTE GUERRERO NO. 1305 BARRIO SAN MIGUEL', '2227200048', 'Curso Infantil', '6:30 A 7:30 LUNES; MARTES; JUEVES Y VIERNES', '2019-10-07', 41, 139, 0, '2019-10-07', 41, NULL, '2019'),
	(155, 'CARBARIN  NAVARRO MONSERRAT', '2000-04-30', 'ELLA MISMA', 'CALLE FCO VILLA #36 SANTO TOMAS CHAUTLA', '2228350092', 'Esp. Ingles', '1:00 a 5:00 SABADO', '2019-11-09', 40, 149, 380, '2019-10-02', 45, NULL, '2019'),
	(156, 'GUTIERREZ AGULAR JOHAN MIGUEL', '1998-10-30', 'EL MISMO', 'BARRIO DE SAN JUAN KM 6 BLVD VALSEQUILLO', '2222458702', 'Esp.Asitente de Negocios con informatica', '1:00 a 5:00 SABADO', '2019-11-09', 40, 135, 0, '2019-10-02', 45, NULL, '2019'),
	(157, 'ALTAMIRANO PEREZ DULCE ABRIL', '2008-05-09', 'PETRONILA PEREZ HERNANDEZ', 'PRIV. VICENTE SUAREZ DIAGONAL ZARAGOZA', '2211322437', 'Curso Infantil', '9.00 A 1:00 DOMINGO', '2019-10-27', 44, 135, 0, '2019-10-29', 44, NULL, '2019'),
	(158, 'CAMBRAY VILLEGAS GERONIMO', '2008-04-07', 'PATRICIA GUADALUPE VILLEGAS JAIMES', 'CALLE 4 SUR # 53; BARRIO LA ASUNCIÓN', '2222391193', 'Esp. Ingles', '5 A 6 MARTES A VIERNES', '2019-10-29', 41, 149, 0, '2019-10-09', 44, NULL, '2019'),
	(159, 'FLORES JUAREZ PAUL', '2009-04-17', 'PAULA  JUAREZ DE LA ROSA', 'CALLE PINO  SUAREZ  L.16 MZ3 CASA  5 C', '2211552253', 'Curso Infantil', '9:00 a 1:00 Domingo', '2019-10-27', 42, 135, 0, '2019-10-15', 44, NULL, '2019'),
	(160, 'CRUZ  GARCIA  MIRIAM PAOLA', '1992-09-13', 'ELLA MISMA', 'CARRETERA  A TETELA #915 SAN PEDRO ZACACHIMALPA', '2221480808', 'Esp. Ingles', '1:00 a 5:00 SABADO', '2019-10-29', 41, 149, 230, '2019-10-10', 44, NULL, '2019'),
	(161, 'LUNA ROMERO VANIA  FERNANDA', '2006-05-03', 'JULIA  ROMERO HDZ', '7 OTE Y 4 SUR N 400 BARRIO DE LA ASUNCIÓN', '2225585156', 'Curso de Matematicas', '2:00 A 3:00 SABADO', '2019-10-19', 42, 130, 0, '2019-10-15', 43, NULL, '2019'),
	(162, 'CORTEZ  MTZ ASHLEY ANDREA', '2011-09-03', 'MARICELA MTZ', 'TEZIUTLAN SUR 8', '2221666138', 'Curso Infantil', '9:00 a 1:00 Domingo', '2019-10-27', 42, 139, 0, '2019-10-20', 44, NULL, '2019'),
	(163, 'VILLASEÑOR SANTEL XIMENA', '2002-07-01', 'HUMBERTO SANTEL  SILVA', '6 SUR  N. 11713 BARRIO DE LOS REYES SAN FCO', '2224143851', 'Esp. Ingles', '9.00 A 1:00 DOMINGO', '2019-11-10', 42, 149, 0, '2019-10-15', 46, NULL, '2019'),
	(164, 'DE LA CRUZ DE LA CRUZ IGNACIO', '2004-01-10', 'PATRICIA  DE LA CRUZ MENDEZ', '8 SUR  S7N BARRIO  DE LA ASUNCION', '2211501758', 'Esp.Robotica', '9:00 A 10:30 L-M-J-V', '2019-11-04', 45, 139, 0, '2019-11-05', 45, NULL, '2019'),
	(165, 'ORTEGA HERNANDEZ VERÓNICA', '2003-11-05', 'ERIKA HERNANDEZ', 'CALLE 18 DE MARZO #47 COL. 18 DE MARZO', '2226621076', 'Esp. Ingles', '1:00 a 5:00 SABADO', '2019-11-09', 46, 149, 0, '2019-11-16', 45, NULL, '2019'),
	(166, 'MUÑOZ ROSAS BRENDA', '1995-11-14', 'ELLA MISMA', 'CALLE VICENTE GUERRERO Y 15 PNTE BARRIO DE SAN MIGUEL', '2221929905', 'Esp. Ingles', '1:00 a 5:00 SABADO', '2019-11-16', 46, 149, 0, '2019-11-16', 46, NULL, '2019'),
	(167, 'MUÑOZ ROSAS REBECA ISABEL', '2005-10-05', 'ANA LILIA ROSAS ROSAS', 'CALLE VICENTE GUERRERO Y 15 PNTE BARRIO DE SAN MIGUEL', '2221204353', 'Esp. Ingles', '1:00 a 5:00 SABADO', '2019-11-16', 45, 149, 0, '2019-11-09', 46, NULL, '2019'),
	(168, 'ZAMBRANO VELAZQUEZ MAYRA', '2003-08-28', 'FLORIBERTA VELAZQUEZ JIMENEZ', 'CALLE. DURAZNO # 4604 COL. SANTA  CATARINA', '2221100440', 'Esp. Ingles', '5:00 A 6:00', '2019-12-10', 46, 149, 0, '2019-11-14', 50, NULL, '2019'),
	(169, 'MENESES  HERRERA  ROSARIO', '2011-12-21', 'ISABEL  GARRIDO CORTEZ', 'CALLE. ALAMOS #124 COL ALCAFORES SAN BALTAZAR  TORIJA', '0', 'Curso Infantil', '10:00 A 2:00 SABADO', '2019-12-07', 47, 139, 0, '2019-11-20', 49, NULL, '2019'),
	(170, 'FLORES MARTINEZ NASHIELI  ALEJANDRA', '2008-08-08', 'NASHIELI FLORES', 'CALLE. MARGARITAS  M. 226  L. 14 COL SANTA CATARINA', '2229077203', 'Curso Infantil', '9:00 A.1:00 SABADO', '2019-11-23', 47, 149, 0, '2019-11-20', 47, NULL, '2019'),
	(171, 'FERNANDEZ CASTAÑEDA FRIDA ROMINA', '2012-12-14', 'BERENICE CASTAÑEDA BONILLA', 'CALLE.  DE LA  GARITA 6"A" FRACC BARRIOS DE SANTA CATARINA', '2228136387', 'Curso Infantil', '6:00 A 8:00 L- M', '2019-12-03', 52, 148, 0, '2019-12-26', 49, NULL, '2019'),
	(172, 'CARBENTE GONZALEZ VALERIA SARAHI', '2007-07-03', 'SAUL CARBENTE XILOTL', 'CALLE 2 NORTE; BARRIO STA CATARINA SAN FRANCISCO TOTIMEHUACA', '2225089263', 'Curso Infantil', '6:00 A 8:00 L- M', '2019-11-25', 48, 149, 1, '2019-11-25', 48, NULL, '2019'),
	(173, 'CARBENTE GONZALEZ YESSICA IVETTE', '2009-02-03', 'SAUL CARBENTE XILOTL', 'CALLE 2 NORTE; BARRIO STA CATARINA SAN FRANCISCO TOTIMEHUACA', '2229037137', 'Curso Infantil', '6:00 A 8:00 L- M', '2019-11-25', 48, 149, 0, '2019-11-25', 48, NULL, '2019'),
	(174, 'CARBENTE GONZALEZ YESSICA IVETTE', '2009-02-03', 'SAUL CARBENTE XILOTL', 'CALLE 2 NORTE; BARRIO STA CATARINA SAN FRANCISCO TOTIMEHUACA', '2229037137', 'Curso Infantil', '6:00 A 8:00 L- M', '2019-11-25', 48, 149, 1, '2019-11-25', 48, NULL, '2019'),
	(175, 'CARBENTE XILOTL SAUL', '1984-01-05', 'EL MISMO', 'CALLE 2 NORTE; BARRIO STA CATARINA SAN FRANCISCO TOTIMEHUACA', '2225089263', 'Esp.Asitente de Negocios con informatica', '9:30 A 10:30', '2019-12-02', 48, 149, 1, '2019-11-25', 49, NULL, '2019'),
	(176, 'RODRIGUEZ MORA DULCE ESTEFANI', '1984-04-14', 'EL MISMO', 'PRIVADA DE LOS CRUZES APARTAMENTO 2; SANTO TOMAS 2', '2227582708', 'Esp.Asitente de Negocios con informatica', '9:30 A 10:30', '2019-12-02', 48, 145, 200, '2019-11-25', 49, NULL, '2019'),
	(177, 'CABAÑAS SANCHEZ CARLOS', '2007-08-03', 'maria del rosario sanchez hernandez', 'conjunto habitacional barrios de sta catarina 3e', '2211268600', 'Esp. Ingles', '1:00 a 5:00 SABADO', '2019-11-30', 48, 149, 0, '2019-11-26', 48, NULL, '2019'),
	(178, 'GARFIAS PAZ LUZ ELENA', '2009-06-13', 'MARGOT PAZ LOPEZ', '9 ORIENTE; 905; BARRIO: LA ASUNCION. SAN FRANCISCO', '2211480885', 'Esp. Ingles', '1:00 a 5:00 SABADO', '2019-11-30', 50, 149, 280, '2019-12-14', 48, NULL, '2019'),
	(179, 'CABAÑAS SANCHEZ CARLOS', '2007-08-03', 'MARIA DEL ROSARIO SANCHEZ HERNANDEZ', 'CONJUNTO HABITACIONAL BARRIO STA CATARINA; CALLE DE LA FUENT', '2212849600', 'Esp. Ingles', '1:00 a 5:00 SABADO', '2019-11-30', 48, 48, 480, '2019-11-26', 49, NULL, '2019'),
	(180, 'ARROYO TRUJILLO EDGAR', '2002-01-10', 'SONIA ELIZABETH TRUJILLO PIMENTEL', 'CTO. CHAPULTEPEC PONIENTE M1 LOTE 8', '2224361030', 'Esp.Diseño Grafico', '4:30 - 6:00 L-M-J-V', '2019-12-09', 50, 149, 0, '2019-12-09', 50, NULL, '2019'),
	(181, 'GONZALEZ MARTINEZ RICARDO', '2004-02-26', 'JUAN CARLOS GONZALEZ ROBLES', 'TLALOC  MZ #21 COL QUETZALCOALT', '2226639798', 'Otro Curso', '1:00 a 5:00 SABADO', '2020-02-08', 50, 150, 0, '2019-12-11', 6, NULL, '2019'),
	(182, 'GARCIA GARCIA BRUNO BERNANDO', '2001-08-14', 'SILVIA  GARCIA HERNANDEZ', 'SRA DE FATIMA LT 8 CASA 1 A MZ1 LA GUADALUPANA', '2228423539', 'Esp. Ingles', '1:00 a 5:00 SABADO', '2019-12-14', 50, 149, 0, '2019-12-11', 50, NULL, '2019'),
	(183, 'KIM JIMENEZ RECIRIE', '2003-06-25', 'MAGDALENA JIMENEZ GONZALEZ', 'SAN PEDRO ZACACHIMALPA', '2221773484', 'Esp. Ingles', '10:30 a 12:00 martes a viernes', '2019-12-17', 51, 149, 0, '2019-12-17', 51, NULL, '2019'),
	(184, 'GONZALES  VELEZ EDITH', '2003-08-16', 'violeta sofia velez', 'barrio de san juan privada velez', '2227711050', 'Esp.Diseño Grafico', '4:30 - 6:00 L-M-J-V', '2020-01-13', 2, 139, 280, '2020-01-11', 2, NULL, '2020'),
	(185, 'ESCOBAR JIMENEZ EMILY JAEL', '2005-06-10', 'rocio jimenez escobar', '24 sur 8920', '2227095468', 'Esp. Ingles', '10:30 a 12:00 martes a viernes', '2020-01-13', 3, 159, 0, '2020-01-13', 2, NULL, '2020'),
	(186, 'CASTRO FLORES ISAAC', '2000-08-19', 'EL MISMO', 'CALLE 18 DE MARZO #30  COL. 18 DE MARZO', '2227806566', 'Esp.Robotica', '9:00 A 10:30 L-M-J-V', '2020-02-03', 3, 135, 190, '2020-01-14', 6, NULL, '2020'),
	(187, 'HERNANDEZ GRACIANO JOSE  ALFREDO', '2002-02-19', 'MARIA YOLANDA GRACIANO', 'CALLE  2 NORTE #207 SAN FCO TOTIMEHUACAN', '2226991984', 'Otro Curso', '1:00 a 5:00 SABADO', '2020-02-08', 3, 280, 0, '2020-01-14', 6, NULL, '2020'),
	(188, 'HERNANDEZ GRACIANO JOSE  ALFREDO', '2002-02-19', 'MARIA YOLANDA GRACIANO', 'CALLE 2 NORTE  #207 SAN FCO TOTIMEHUACAN', '2226991984', 'Esp. Ingles', '6:30 A 7:30 LUNES; MARTES; JUEVES Y VIERNES', '2020-12-07', 3, 159, 0, '2020-01-14', 1, NULL, '2020'),
	(189, 'PEREZ HERNANDEZ  JUAN JOSE', '2007-10-24', 'JUAN JOSE PEREZ HERNANDEZ', 'AV. NACIONAL 10121 COL LOS PINOS', '2224226851', 'Esp. Ingles', '9:00 A.1:00 SABADO', '2020-02-15', 3, 159, 0, '2020-01-14', 7, NULL, '2020'),
	(190, 'CASTILLA FERNANDEZ ALEXANDER', '2005-10-05', 'ROSARIO DEL CARMEN  FERNANDEZ', 'CERRADA  BENITO JUAREZ # 1824 FRACC. GUADALUPE TLATELPAN', '2222555541', 'Otro Curso', '1:00 a 5:00 SABADO', '2020-02-08', 3, 290, 0, '2020-01-15', 6, NULL, '2020'),
	(191, 'LEZAMA  SANCHEZ ADRIAN', '1979-12-06', 'EL MISMO', 'AVILA CAMACHO', '2226610823', 'Esp. Ingles', '6:30 A 7:30 LUNES; MARTES; JUEVES Y VIERNES', '2020-02-25', 4, 159, 200, '2020-01-21', 9, NULL, '2020'),
	(192, 'MATEOS VIANCY ISABEL', '1999-10-12', 'ELLA MISMA', 'CALLE. MANUEL M  DIEGUEZ L. 12 COL. ARTICULO PRIMERO', '2229146552', 'Esp. Ingles', '9:00 A.1:00 SABADO', '2020-02-15', 7, 159, 0, '2020-02-15', 7, NULL, '2020'),
	(193, 'SANCHEZ VAZQUEZ FATIMA  YASAMI', '2000-12-20', 'LUCILA VAZQUEZ  SANTAMARIA', 'CALLE  SAN ESTEBAN  M2 L41 COL SANTA LUCIA VILLA ALTAMIRANO', '2214126158', 'Esp.Asitente de Negocios con informatica', '9:00 a 10:30 LUNES; MARTES;JUEVES Y VIERNES', '2020-02-03', 4, 139, 0, '2020-01-21', 5, NULL, '2020'),
	(194, 'FLORES TORRES  OSWALDO DANIEL', '2004-04-22', 'JACQUELINNE TORRES CORDERO', 'PRIV. NIÑOS HEROES #6 BARRIO DE GUADALUPE TLATEPA', '2224257427', 'Esp. Ingles', '6:30 A 7:30 LUNES; MARTES; JUEVES Y VIERNES', '2020-02-25', 4, 159, 0, '2020-01-21', 9, NULL, '2020'),
	(195, 'CARBARIN CABAÑAS MAIRA LISETL', '2004-10-29', 'VARONICA CABAÑAS RODRIGUEZ', 'AV. LAS PALMAS  N. 14 SAN PEDRO ZACACHIMALPA', '2227281057', 'Otro Curso', '1:00 a 5:00 SABADO', '2020-02-08', 6, 280, 0, '2020-02-09', 6, NULL, '2020'),
	(196, 'GARCIA TORRES IYARY LINETH', '2007-10-27', 'BLANCA TORRES MAGAÑA', 'PRIV.  IMELDA MAGAÑA 2424', '2228121044', 'Curso de Matematicas', '6:00A 7:30 MARTES Y JUEVES', '2020-01-28', 5, 350, 0, '2020-01-30', 4, NULL, '2020'),
	(197, 'ABURTO VAZQUEZ  JACOBO', '1971-06-14', 'EL MISMO', 'CALLE. FCO I MADERO #722 COL. GUADALUPE HIDALGO', '2223343533', 'Esp. Ingles', '6:30 A 7:30 LUNES; MARTES; JUEVES Y VIERNES', '2020-02-25', 5, 159, 0, '2020-01-30', 9, NULL, '2020'),
	(198, 'ABURTO  DE LA CRUZ  BRYAN ISAIAS', '2002-03-06', 'JACOBO ABURTO VAZQUEZ', 'CALLE. FCO I MADERO #722 COL. GUADALUPE HIDALGO', '2211487618', 'Esp. Ingles', '6:30 A 7:30 LUNES; MARTES; JUEVES Y VIERNES', '2020-02-25', 5, 159, 0, '2020-01-30', 9, NULL, '2020'),
	(199, 'ABURTO  DE LA CRUZ  JONATHAN ALBERTO', '1998-12-27', 'JACOBO ABURTO VAZQUEZ', 'CALLE. FCO I MADERO #722 COL. GUADALUPE HIDALGO', '2213207616', 'Esp. Ingles', '6:30 A 7:30 LUNES; MARTES; JUEVES Y VIERNES', '2020-02-25', 5, 159, 267, '2020-01-30', 9, NULL, '2020'),
	(200, 'ABURTO GARCIA DIEGO EMMANUEL', '2006-12-29', 'JACOBO ABURTO VAZQUEZ', 'CALLE. FCO I MADERO #722 COL. GUADALUPE HIDALGO', '2224916699', 'Esp. Ingles', '6:30 A 7:30 LUNES; MARTES; JUEVES Y VIERNES', '2020-02-25', 5, 159, 0, '2020-01-30', 9, NULL, '2020'),
	(201, 'JIMENEZ FLORES FELIPE ANTONIO', '2007-02-05', 'MARIA DEL ROSARIO FLORES', 'FCO VILLA #23 SAN JUAN TEPEPA', '2215322325', 'Esp. Ingles', '9:00 A.1:00 SABADO', '2020-02-15', 5, 159, 0, '2020-01-30', 7, NULL, '2020'),
	(202, 'MORENO GORGONIO LUIS FCO', '2001-08-11', 'JOSEFINA GORGONIO ALANIS', 'BENITO JUAREZ NORTE #8 SAN FCO TOTIMEHUACAN', '2225713133', 'Otro Curso', '1:00 a 5:00 SABADO', '2020-02-08', 6, 280, 0, '2020-02-08', 6, NULL, '2020'),
	(203, 'RODRIGUEZ CASTILLO BRAYAN YAEL', '2006-05-31', 'OPDULIA CASTILLO ACATICLA', '5 NORTE #162 SAN FO TOTIMEHUACAN', '2227767785', 'Esp. Ingles', '6:30 A 7:30 LUNES; MARTES; JUEVES Y VIERNES', '2020-02-25', 5, 159, 350, '2020-01-30', 9, NULL, '2020'),
	(204, 'MONREAL RAMIREZ JAPHETE ARTURO', '2007-08-06', 'GABRIELA RAMIREZ LUNA', 'CALLE. SANTA LUCIA M2 D2 TERRAZAS SANTA CATARINA', '2221251583', 'Esp.Diseño Grafico', '4:30 - 6:00 L-M-J-V', '2020-02-04', 5, 149, 0, '2020-01-30', 6, NULL, '2020'),
	(205, 'FUENTES EUZABIAGA JUAN ADOLFO', '2003-06-12', 'GUADALUPE EUZAGABIA', 'SANTA  CLARA LA VENTA 7 DE ENERO', '2227602507', 'Esp. Ingles', '6:30 A 7:30 LUNES; MARTES; JUEVES Y VIERNES', '2020-02-25', 5, 159, 50, '2020-01-30', 9, NULL, '2020'),
	(206, 'TORIBIO LUNA ALEXIA  YAMILETH', '2013-12-19', 'ANA LAURA  LUNA', 'CALLE. 5 DE MAYO #9 SAN FCO TOTIMEHUACAN', '2223617503', 'Curso Infantil', '10:00 A 2:00 SABADO', '2020-02-12', 5, 149, 0, '2020-01-30', 4, NULL, '2020'),
	(207, 'MEJIA PONCE MIGUEL ANGEL', '2005-10-20', 'CARLOS CONSTANTINO SERRANO ACUAPAN', 'SAN FCO. BARRIO LA ASUNCION CALLE 10 NTE N. 10', '2221146371', 'Esp. Ingles', '6:30 A 7:30 LUNES; MARTES; JUEVES Y VIERNES', '2020-02-25', 7, 159, 0, '2020-02-13', 9, NULL, '2020'),
	(208, 'ITURBIDE LOPEZ VALERIA', '2005-04-07', 'MARIA VERONICA LOPEZ BLAS', 'C. PINO SUAREZ  LT 20 7B', '2223942956', '......', '1:00 a 5:00 SABADO', '2020-02-08', 6, 280, 0, '2020-02-06', 5, NULL, '2020'),
	(209, 'PAEZ  PEREZ RENATA', '2003-02-24', 'MARIA DEL CARMEN PAEZ', 'LOTE 16 CASA 6"D" LA GUADALUPANA', '2225841114', 'Esp. Ingles', '9:00 A.1:00 SABADO', '2020-02-15', 7, 159, 0, '2020-02-14', 7, NULL, '2020'),
	(210, 'PACHECO VELÁZQUEZ ALEX', '2005-12-10', 'ROSALIA VELAZQUEZ', '13 OTE N. 1116 BARRIO DE LA ASUNCION', '2451041988', 'Otro Curso', '1:00 a 5:00 SABADO', '2020-02-08', 6, 280, 0, '2020-02-06', 6, NULL, '2020'),
	(211, 'GONZALEZ FLORES BRENDA CECILIA', '2001-05-24', 'ELLA MISMA', 'EMILIANO ZAPATA #17 SANTO TOMAS CHAUTLA', '2225129781', 'Esp. Ingles', '6:30 A 7:30 LUNES; MARTES; JUEVES Y VIERNES', '2020-02-25', 7, 159, 0, '2020-02-13', 9, NULL, '2020');
/*!40000 ALTER TABLE `alumnos` ENABLE KEYS */;

-- Volcando estructura para tabla intitutodemexico.colegituras
CREATE TABLE IF NOT EXISTS `colegituras` (
  `id_colegituras` int(10) unsigned NOT NULL AUTO_INCREMENT,
  `folio_fk_id` int(10) unsigned DEFAULT NULL,
  `semanaspagadas` int(4) DEFAULT NULL,
  `eliminarcolegituras` int(11) NOT NULL,
  PRIMARY KEY (`id_colegituras`),
  KEY `FK__pagosalumnos` (`folio_fk_id`),
  CONSTRAINT `FK__pagosalumnos` FOREIGN KEY (`folio_fk_id`) REFERENCES `pagosalumnos` (`foliodepagos`)
) ENGINE=InnoDB AUTO_INCREMENT=446 DEFAULT CHARSET=latin1;

-- Volcando datos para la tabla intitutodemexico.colegituras: ~441 rows (aproximadamente)
/*!40000 ALTER TABLE `colegituras` DISABLE KEYS */;
INSERT INTO `colegituras` (`id_colegituras`, `folio_fk_id`, `semanaspagadas`, `eliminarcolegituras`) VALUES
	(1, 1379, 1, 0),
	(2, 1380, 2, 0),
	(3, 1381, 2, 0),
	(4, 1382, 2, 0),
	(5, 1383, 2, 0),
	(6, 1384, 2, 0),
	(7, 1385, 2, 0),
	(8, 1386, 2, 0),
	(9, 1387, 2, 0),
	(10, 1388, 2, 0),
	(11, 1389, 2, 0),
	(12, 1390, 2, 0),
	(13, 1391, 2, 0),
	(14, 1392, 2, 0),
	(15, 1393, 2, 0),
	(16, 1394, 2, 0),
	(17, 1395, 2, 0),
	(18, 1396, 2, 0),
	(19, 1397, 2, 0),
	(20, 1398, 2, 0),
	(21, 1399, 2, 0),
	(22, 1400, 2, 0),
	(23, 1401, 2, 0),
	(24, 1402, 2, 0),
	(25, 1403, 2, 0),
	(26, 1404, 2, 0),
	(27, 1405, 2, 0),
	(28, 1406, 2, 0),
	(29, 1407, 2, 0),
	(30, 1408, 2, 0),
	(31, 1409, 2, 0),
	(32, 1410, 2, 0),
	(33, 1411, 2, 0),
	(34, 1412, 2, 0),
	(35, 1413, 2, 0),
	(36, 1414, 2, 0),
	(37, 1415, 2, 0),
	(38, 1416, 2, 0),
	(39, 1417, 2, 0),
	(40, 1418, 2, 0),
	(41, 1419, 2, 0),
	(42, 1420, 2, 0),
	(43, 1421, 2, 0),
	(44, 1422, 2, 0),
	(45, 1423, 2, 0),
	(46, 1424, 2, 0),
	(47, 1425, 2, 0),
	(48, 1426, 2, 0),
	(49, 1427, 2, 0),
	(50, 1428, 2, 0),
	(51, 1429, 2, 0),
	(52, 1430, 2, 0),
	(53, 1431, 2, 0),
	(54, 1432, 2, 0),
	(55, 1433, 2, 0),
	(56, 1434, 2, 0),
	(57, 1435, 2, 0),
	(58, 1436, 2, 0),
	(59, 1437, 2, 0),
	(60, 1438, 2, 0),
	(61, 1439, 2, 0),
	(62, 1440, 2, 0),
	(63, 1441, 2, 0),
	(64, 1442, 2, 0),
	(65, 1443, 2, 0),
	(66, 1444, 2, 0),
	(67, 1445, 2, 0),
	(68, 1446, 2, 0),
	(69, 1447, 2, 0),
	(70, 1448, 2, 0),
	(71, 1449, 2, 0),
	(72, 1450, 2, 0),
	(73, 1451, 2, 0),
	(74, 1452, 2, 0),
	(75, 1453, 2, 0),
	(76, 1454, 2, 0),
	(77, 1455, 2, 0),
	(78, 1456, 2, 0),
	(79, 1457, 2, 0),
	(80, 1458, 3, 0),
	(81, 1459, 3, 0),
	(82, 1460, 3, 0),
	(83, 1461, 3, 0),
	(84, 1462, 3, 0),
	(85, 1463, 3, 0),
	(86, 1464, 3, 0),
	(87, 1465, 3, 0),
	(88, 1466, 3, 0),
	(89, 1467, 3, 0),
	(90, 1468, 3, 0),
	(91, 1469, 3, 0),
	(92, 1470, 3, 0),
	(93, 1471, 3, 0),
	(94, 1472, 3, 0),
	(95, 1473, 3, 0),
	(96, 1474, 3, 0),
	(97, 1475, 3, 0),
	(98, 1476, 3, 0),
	(99, 1477, 3, 0),
	(100, 1478, 3, 0),
	(101, 1479, 3, 0),
	(102, 1480, 3, 0),
	(103, 1481, 3, 0),
	(104, 1482, 3, 0),
	(105, 1483, 3, 0),
	(106, 1484, 3, 0),
	(107, 1485, 3, 0),
	(108, 1486, 3, 0),
	(109, 1487, 3, 0),
	(110, 1488, 3, 0),
	(111, 1489, 3, 0),
	(112, 1490, 3, 0),
	(113, 1491, 3, 0),
	(114, 1492, 3, 0),
	(115, 1493, 3, 0),
	(116, 1494, 3, 0),
	(117, 1495, 3, 0),
	(118, 1496, 3, 0),
	(119, 1497, 3, 0),
	(120, 1498, 3, 0),
	(121, 1499, 3, 0),
	(122, 1500, 3, 0),
	(123, 1501, 3, 0),
	(124, 1502, 3, 0),
	(125, 1503, 3, 0),
	(126, 1504, 3, 0),
	(127, 1505, 3, 0),
	(128, 1506, 3, 0),
	(129, 1507, 3, 0),
	(130, 1508, 3, 0),
	(131, 1509, 3, 0),
	(132, 1510, 3, 0),
	(133, 1511, 3, 0),
	(134, 1512, 3, 0),
	(135, 1513, 3, 0),
	(136, 1514, 3, 0),
	(137, 1515, 3, 0),
	(138, 1516, 3, 0),
	(139, 1517, 3, 0),
	(140, 1518, 3, 0),
	(141, 1519, 3, 0),
	(142, 1520, 3, 0),
	(143, 1521, 3, 0),
	(144, 1522, 3, 0),
	(145, 1523, 3, 0),
	(146, 1524, 3, 0),
	(147, 1525, 3, 0),
	(148, 1526, 3, 0),
	(149, 1527, 3, 0),
	(150, 1528, 3, 0),
	(151, 1529, 3, 0),
	(152, 1530, 3, 0),
	(153, 1531, 3, 0),
	(154, 1532, 3, 0),
	(155, 1533, 3, 0),
	(156, 1534, 3, 0),
	(157, 1535, 4, 0),
	(158, 1536, 4, 0),
	(159, 1537, 4, 0),
	(160, 1538, 4, 0),
	(161, 1539, 4, 0),
	(162, 1540, 4, 0),
	(163, 1541, 4, 0),
	(164, 1542, 4, 0),
	(165, 1543, 4, 0),
	(166, 1544, 4, 0),
	(167, 1545, 4, 0),
	(168, 1546, 4, 0),
	(169, 1547, 4, 0),
	(170, 1548, 4, 0),
	(171, 1549, 4, 0),
	(172, 1550, 4, 0),
	(173, 1551, 4, 0),
	(174, 1552, 4, 0),
	(175, 1553, 4, 0),
	(176, 1554, 4, 0),
	(177, 1555, 4, 0),
	(178, 1556, 4, 0),
	(179, 1557, 4, 0),
	(180, 1558, 4, 0),
	(181, 1559, 4, 0),
	(182, 1560, 4, 0),
	(183, 1561, 4, 0),
	(184, 1562, 4, 0),
	(185, 1563, 4, 0),
	(186, 1564, 4, 0),
	(187, 1565, 4, 0),
	(188, 1566, 4, 0),
	(189, 1567, 4, 0),
	(190, 1568, 4, 0),
	(191, 1569, 4, 0),
	(192, 1570, 4, 0),
	(193, 1571, 4, 0),
	(194, 1572, 4, 0),
	(195, 1573, 4, 0),
	(196, 1574, 4, 0),
	(197, 1575, 4, 0),
	(198, 1576, 4, 0),
	(199, 1577, 4, 0),
	(200, 1578, 4, 0),
	(201, 1579, 4, 0),
	(202, 1580, 4, 0),
	(203, 1581, 4, 0),
	(204, 1582, 4, 0),
	(205, 1583, 4, 0),
	(206, 1584, 4, 0),
	(207, 1585, 4, 0),
	(208, 1586, 4, 0),
	(209, 1587, 4, 0),
	(210, 1588, 4, 0),
	(211, 1589, 4, 0),
	(212, 1590, 4, 0),
	(213, 1591, 4, 0),
	(214, 1592, 4, 0),
	(215, 1593, 4, 0),
	(216, 1594, 4, 0),
	(217, 1595, 4, 0),
	(218, 1596, 4, 0),
	(219, 1597, 4, 0),
	(220, 1598, 4, 0),
	(221, 1599, 4, 0),
	(222, 1600, 4, 0),
	(223, 1601, 4, 0),
	(224, 1602, 4, 0),
	(225, 1603, 4, 0),
	(226, 1604, 4, 0),
	(227, 1605, 4, 0),
	(228, 1606, 4, 0),
	(229, 1607, 4, 0),
	(230, 1608, 4, 0),
	(231, 1609, 4, 0),
	(232, 1610, 5, 0),
	(233, 1611, 5, 0),
	(234, 1612, 5, 0),
	(235, 1613, 5, 0),
	(236, 1614, 5, 0),
	(237, 1615, 5, 0),
	(238, 1616, 5, 0),
	(239, 1617, 5, 0),
	(240, 1618, 5, 0),
	(241, 1619, 5, 0),
	(242, 1620, 5, 0),
	(243, 1621, 5, 0),
	(244, 1622, 5, 0),
	(245, 1623, 5, 0),
	(246, 1624, 5, 0),
	(247, 1625, 5, 0),
	(248, 1626, 5, 0),
	(249, 1627, 5, 0),
	(250, 1628, 5, 0),
	(251, 1629, 5, 0),
	(252, 1630, 5, 0),
	(253, 1631, 5, 0),
	(254, 1632, 5, 0),
	(255, 1633, 5, 0),
	(256, 1634, 5, 0),
	(257, 1635, 5, 0),
	(258, 1636, 5, 0),
	(259, 1637, 5, 0),
	(260, 1638, 5, 0),
	(261, 1639, 5, 0),
	(262, 1640, 5, 0),
	(263, 1641, 5, 0),
	(264, 1642, 5, 0),
	(265, 1643, 5, 0),
	(266, 1644, 5, 0),
	(267, 1645, 5, 0),
	(268, 1646, 5, 0),
	(269, 1647, 5, 0),
	(270, 1648, 5, 0),
	(271, 1649, 5, 0),
	(272, 1650, 5, 0),
	(273, 1651, 5, 0),
	(274, 1652, 5, 0),
	(275, 1653, 5, 0),
	(276, 1654, 5, 0),
	(277, 1655, 5, 0),
	(278, 1656, 5, 0),
	(279, 1657, 5, 0),
	(280, 1658, 5, 0),
	(281, 1659, 5, 0),
	(282, 1660, 5, 0),
	(283, 1661, 5, 0),
	(284, 1662, 5, 0),
	(285, 1663, 5, 0),
	(286, 1664, 5, 0),
	(287, 1665, 5, 0),
	(288, 1666, 5, 0),
	(289, 1667, 5, 0),
	(290, 1668, 5, 0),
	(291, 1669, 5, 0),
	(292, 1670, 5, 0),
	(293, 1671, 5, 0),
	(294, 1672, 5, 0),
	(295, 1673, 5, 0),
	(296, 1674, 5, 0),
	(297, 1675, 5, 0),
	(298, 1676, 5, 0),
	(299, 1677, 5, 0),
	(300, 1678, 5, 0),
	(301, 1679, 5, 0),
	(302, 1680, 5, 0),
	(303, 1681, 5, 0),
	(304, 1682, 5, 0),
	(305, 1683, 5, 0),
	(306, 1684, 5, 0),
	(307, 1685, 5, 0),
	(308, 1686, 5, 0),
	(309, 1687, 5, 0),
	(310, 1688, 5, 0),
	(311, 1689, 5, 0),
	(312, 1690, 5, 0),
	(313, 1691, 5, 0),
	(314, 1692, 5, 0),
	(315, 1693, 6, 0),
	(316, 1694, 6, 0),
	(317, 1695, 6, 0),
	(318, 1696, 6, 0),
	(319, 1697, 6, 0),
	(320, 1698, 6, 0),
	(321, 1699, 6, 0),
	(322, 1700, 6, 0),
	(323, 1701, 6, 0),
	(324, 1702, 6, 0),
	(325, 1703, 6, 0),
	(326, 1704, 6, 0),
	(327, 1705, 6, 0),
	(328, 1706, 6, 0),
	(329, 1707, 6, 0),
	(330, 1708, 6, 0),
	(331, 1709, 6, 0),
	(332, 1710, 6, 0),
	(333, 1711, 6, 0),
	(334, 1712, 6, 0),
	(335, 1713, 6, 0),
	(336, 1714, 6, 0),
	(337, 1715, 6, 0),
	(338, 1716, 6, 0),
	(339, 1717, 6, 0),
	(340, 1718, 6, 0),
	(341, 1719, 6, 0),
	(342, 1720, 6, 0),
	(343, 1721, 6, 0),
	(344, 1722, 6, 0),
	(345, 1723, 6, 0),
	(346, 1724, 6, 0),
	(347, 1725, 6, 0),
	(348, 1726, 6, 0),
	(349, 1727, 6, 0),
	(350, 1728, 6, 0),
	(351, 1729, 6, 0),
	(352, 1730, 6, 0),
	(353, 1731, 6, 0),
	(354, 1732, 6, 0),
	(355, 1733, 6, 0),
	(356, 1734, 6, 0),
	(357, 1735, 6, 0),
	(358, 1736, 6, 0),
	(359, 1737, 6, 0),
	(360, 1738, 6, 0),
	(361, 1739, 6, 0),
	(362, 1740, 6, 0),
	(363, 1741, 6, 0),
	(364, 1742, 6, 0),
	(365, 1743, 6, 0),
	(366, 1744, 6, 0),
	(367, 1745, 6, 0),
	(368, 1746, 6, 0),
	(369, 1747, 6, 0),
	(370, 1748, 6, 0),
	(371, 1749, 6, 0),
	(372, 1750, 6, 0),
	(373, 1751, 6, 0),
	(374, 1752, 6, 0),
	(375, 1753, 6, 0),
	(376, 1754, 6, 0),
	(377, 1755, 6, 0),
	(378, 1756, 6, 0),
	(379, 1757, 6, 0),
	(380, 1758, 6, 0),
	(381, 1759, 6, 0),
	(382, 1760, 6, 0),
	(383, 1761, 6, 0),
	(384, 1762, 6, 0),
	(385, 1763, 6, 0),
	(386, 1764, 6, 0),
	(387, 1765, 6, 0),
	(388, 1766, 6, 0),
	(389, 1767, 6, 0),
	(390, 1768, 6, 0),
	(391, 1769, 6, 0),
	(392, 1770, 6, 0),
	(393, 1771, 7, 0),
	(394, 1772, 7, 0),
	(395, 1773, 7, 0),
	(396, 1774, 7, 0),
	(397, 1775, 7, 0),
	(398, 1776, 7, 0),
	(399, 1777, 7, 0),
	(400, 1778, 7, 0),
	(401, 1779, 7, 0),
	(402, 1780, 7, 0),
	(403, 1781, 7, 0),
	(404, 1782, 7, 0),
	(405, 1783, 7, 0),
	(406, 1784, 7, 0),
	(407, 1785, 7, 0),
	(408, 1786, 7, 0),
	(409, 1787, 7, 0),
	(410, 1788, 7, 0),
	(411, 1789, 7, 0),
	(412, 1790, 7, 0),
	(413, 1791, 7, 0),
	(414, 1792, 7, 0),
	(415, 1793, 7, 0),
	(416, 1794, 7, 0),
	(417, 1795, 7, 0),
	(418, 1796, 7, 0),
	(419, 1797, 7, 0),
	(420, 1798, 7, 0),
	(421, 1799, 7, 0),
	(422, 1800, 7, 0),
	(423, 1801, 7, 0),
	(424, 1802, 7, 0),
	(425, 1803, 7, 0),
	(426, 1804, 7, 0),
	(427, 1805, 7, 0),
	(428, 1806, 7, 0),
	(429, 1807, 7, 0),
	(430, 1808, 7, 0),
	(431, 1809, 7, 0),
	(432, 1810, 7, 0),
	(433, 1811, 7, 0),
	(434, 1812, 7, 0),
	(435, 1813, 7, 0),
	(436, 1814, 7, 0),
	(437, 1815, 7, 0),
	(438, 1816, 7, 0),
	(439, 1817, 7, 0),
	(440, 1818, 8, 0),
	(441, 1819, 8, 0),
	(442, 1820, 9, 0),
	(443, 1820, 10, 0),
	(444, 1821, 4, 0),
	(445, 1821, 5, 0);
/*!40000 ALTER TABLE `colegituras` ENABLE KEYS */;

-- Volcando estructura para tabla intitutodemexico.pagosalumnos
CREATE TABLE IF NOT EXISTS `pagosalumnos` (
  `foliodepagos` int(10) unsigned NOT NULL AUTO_INCREMENT,
  `idpersonadepago_fk` int(10) unsigned DEFAULT NULL,
  `iddealumnos_fk` int(10) unsigned DEFAULT NULL,
  `incripcionpago` float DEFAULT NULL,
  `colegiaturapago` float DEFAULT NULL,
  `totalpago` float DEFAULT NULL,
  `fechadepago` date DEFAULT NULL,
  `semandepago` int(4) DEFAULT NULL,
  `ultimasemanadepago` int(4) NOT NULL,
  `Eliminarpagos` int(1) NOT NULL,
  `pago_año` year(4) DEFAULT NULL,
  `Descripciondecondonacion` longtext,
  PRIMARY KEY (`foliodepagos`),
  KEY `FK__Personal_institutional` (`idpersonadepago_fk`),
  KEY `FK__ALUMNOS` (`iddealumnos_fk`),
  CONSTRAINT `FK__ALUMNOS` FOREIGN KEY (`iddealumnos_fk`) REFERENCES `alumnos` (`id_alumno`),
  CONSTRAINT `FK__Personal_institutional` FOREIGN KEY (`idpersonadepago_fk`) REFERENCES `personal_institutional` (`PERSONAL_ID`)
) ENGINE=InnoDB AUTO_INCREMENT=1822 DEFAULT CHARSET=latin1;

-- Volcando datos para la tabla intitutodemexico.pagosalumnos: ~441 rows (aproximadamente)
/*!40000 ALTER TABLE `pagosalumnos` DISABLE KEYS */;
INSERT INTO `pagosalumnos` (`foliodepagos`, `idpersonadepago_fk`, `iddealumnos_fk`, `incripcionpago`, `colegiaturapago`, `totalpago`, `fechadepago`, `semandepago`, `ultimasemanadepago`, `Eliminarpagos`, `pago_año`, `Descripciondecondonacion`) VALUES
	(1379, 2, 164, 0, 139, 139, '2020-01-02', 1, 1, 0, '2020', NULL),
	(1380, 2, 124, 0, 129, 129, '2020-01-06', 2, 2, 0, '2020', NULL),
	(1381, 2, 123, 0, 149, 149, '2020-01-06', 2, 2, 0, '2020', NULL),
	(1382, 2, 15, 0, 129, 129, '2020-01-06', 2, 2, 0, '2020', NULL),
	(1383, 2, 72, 0, 387, 387, '2020-01-06', 2, 2, 0, '2020', NULL),
	(1384, 2, 12, 0, 360, 360, '2020-01-06', 2, 2, 0, '2020', NULL),
	(1385, 2, 11, 0, 360, 360, '2020-01-06', 2, 2, 0, '2020', NULL),
	(1386, 2, 157, 0, 405, 405, '2020-01-06', 2, 2, 0, '2020', NULL),
	(1387, 2, 171, 0, 296, 296, '2020-01-06', 2, 2, 0, '2020', NULL),
	(1388, 2, 18, 0, 645, 645, '2020-01-06', 2, 2, 0, '2020', NULL),
	(1389, 2, 164, 0, 139, 139, '2020-01-07', 2, 2, 0, '2020', NULL),
	(1390, 2, 75, 0, 258, 258, '2020-01-07', 2, 2, 0, '2020', NULL),
	(1391, 2, 75, 0, 129, 129, '2020-01-07', 2, 2, 0, '2020', NULL),
	(1392, 2, 41, 0, 258, 258, '2020-01-07', 2, 2, 0, '2020', NULL),
	(1393, 2, 41, 0, 129, 129, '2020-01-07', 2, 2, 0, '2020', NULL),
	(1394, 2, 183, 0, 298, 298, '2020-01-07', 2, 2, 0, '2020', NULL),
	(1395, 2, 183, 0, 447, 447, '2020-01-07', 2, 2, 0, '2020', NULL),
	(1396, 2, 180, 0, 149, 149, '2020-01-07', 2, 2, 0, '2020', NULL),
	(1397, 2, 104, 0, 387, 387, '2020-01-07', 2, 2, 0, '2020', NULL),
	(1398, 2, 23, 0, 387, 387, '2020-01-07', 2, 2, 0, '2020', NULL),
	(1399, 2, 142, 0, 149, 149, '2020-01-07', 2, 2, 0, '2020', NULL),
	(1400, 2, 131, 0, 447, 447, '2020-01-07', 2, 2, 0, '2020', NULL),
	(1401, 2, 134, 0, 447, 447, '2020-01-08', 2, 2, 0, '2020', NULL),
	(1402, 2, 135, 0, 447, 447, '2020-01-08', 2, 2, 0, '2020', NULL),
	(1403, 2, 99, 0, 447, 447, '2020-01-08', 2, 2, 0, '2020', NULL),
	(1404, 2, 78, 0, 405, 405, '2020-01-08', 2, 2, 0, '2020', NULL),
	(1405, 2, 130, 0, 129, 129, '2020-01-09', 2, 2, 0, '2020', NULL),
	(1406, 2, 22, 0, 129, 129, '2020-01-09', 2, 2, 0, '2020', NULL),
	(1407, 2, 60, 0, 280, 280, '2020-01-09', 2, 2, 0, '2020', NULL),
	(1408, 2, 59, 0, 280, 280, '2020-01-09', 2, 2, 0, '2020', NULL),
	(1409, 2, 58, 0, 400, 400, '2020-01-09', 2, 2, 0, '2020', NULL),
	(1410, 2, 22, 0, 258, 258, '2020-01-10', 2, 2, 0, '2020', NULL),
	(1411, 2, 127, 0, 298, 298, '2020-01-11', 2, 2, 0, '2020', NULL),
	(1412, 2, 21, 0, 258, 258, '2020-01-11', 2, 2, 0, '2020', NULL),
	(1413, 2, 136, 0, 149, 149, '2020-01-11', 2, 2, 0, '2020', NULL),
	(1414, 2, 116, 0, 149, 149, '2020-01-11', 2, 2, 0, '2020', NULL),
	(1415, 2, 116, 0, 149, 149, '2020-01-11', 2, 2, 0, '2020', NULL),
	(1416, 2, 115, 0, 298, 298, '2020-01-11', 2, 2, 0, '2020', NULL),
	(1417, 2, 110, 0, 298, 298, '2020-01-11', 2, 2, 0, '2020', NULL),
	(1418, 2, 39, 0, 258, 258, '2020-01-11', 2, 2, 0, '2020', NULL),
	(1419, 2, 9, 0, 258, 258, '2020-01-11', 2, 2, 0, '2020', NULL),
	(1420, 2, 61, 0, 258, 258, '2020-01-11', 2, 2, 0, '2020', NULL),
	(1421, 2, 82, 0, 135, 135, '2020-01-11', 2, 2, 0, '2020', NULL),
	(1422, 2, 74, 0, 129, 129, '2020-01-11', 2, 2, 0, '2020', NULL),
	(1423, 2, 31, 0, 258, 258, '2020-01-11', 2, 2, 0, '2020', NULL),
	(1424, 2, 45, 0, 258, 258, '2020-01-11', 2, 2, 0, '2020', NULL),
	(1425, 2, 120, 0, 270, 270, '2020-01-11', 2, 2, 0, '2020', NULL),
	(1426, 2, 33, 0, 129, 129, '2020-01-11', 2, 2, 0, '2020', NULL),
	(1427, 2, 169, 0, 139, 139, '2020-01-11', 2, 2, 0, '2020', NULL),
	(1428, 2, 167, 0, 149, 149, '2020-01-11', 2, 2, 0, '2020', NULL),
	(1429, 2, 153, 0, 149, 149, '2020-01-11', 2, 2, 0, '2020', NULL),
	(1430, 2, 165, 0, 298, 298, '2020-01-11', 2, 2, 0, '2020', NULL),
	(1431, 2, 70, 0, 129, 129, '2020-01-11', 2, 2, 0, '2020', NULL),
	(1432, 2, 163, 0, 149, 149, '2020-01-11', 2, 2, 0, '2020', NULL),
	(1433, 2, 182, 0, 149, 149, '2020-01-11', 2, 2, 0, '2020', NULL),
	(1434, 2, 168, 0, 149, 149, '2020-01-11', 2, 2, 0, '2020', NULL),
	(1435, 2, 177, 0, 149, 149, '2020-01-11', 2, 2, 0, '2020', NULL),
	(1436, 2, 147, 0, 139, 139, '2020-01-11', 2, 2, 0, '2020', NULL),
	(1437, 2, 137, 0, 149, 149, '2020-01-11', 2, 2, 0, '2020', NULL),
	(1438, 2, 88, 0, 129, 129, '2020-01-11', 2, 2, 0, '2020', NULL),
	(1439, 2, 62, 0, 79, 79, '2020-01-11', 2, 2, 0, '2020', NULL),
	(1440, 2, 184, 200, 0, 200, '2020-01-11', 2, 2, 0, '2020', NULL),
	(1441, 2, 185, 441, 159, 600, '2020-01-11', 2, 2, 0, '2020', NULL),
	(1442, 2, 128, 0, 149, 149, '2020-01-12', 2, 2, 0, '2020', NULL),
	(1443, 2, 106, 0, 149, 149, '2020-01-12', 2, 2, 0, '2020', NULL),
	(1444, 2, 162, 0, 139, 139, '2020-01-12', 2, 2, 0, '2020', NULL),
	(1445, 2, 73, 0, 129, 129, '2020-01-12', 2, 2, 0, '2020', NULL),
	(1446, 2, 5, 0, 120, 120, '2020-01-12', 2, 2, 0, '2020', NULL),
	(1447, 2, 7, 0, 120, 120, '2020-01-12', 2, 2, 0, '2020', NULL),
	(1448, 2, 122, 0, 149, 149, '2020-01-12', 2, 2, 0, '2020', NULL),
	(1449, 2, 107, 0, 135, 135, '2020-01-12', 2, 2, 0, '2020', NULL),
	(1450, 2, 71, 0, 129, 129, '2020-01-12', 2, 2, 0, '2020', NULL),
	(1451, 2, 72, 0, 129, 129, '2020-01-12', 2, 2, 0, '2020', NULL),
	(1452, 2, 149, 0, 139, 139, '2020-01-12', 2, 2, 0, '2020', NULL),
	(1453, 2, 150, 0, 139, 139, '2020-01-12', 2, 2, 0, '2020', NULL),
	(1454, 2, 73, 0, 129, 129, '2020-01-12', 2, 2, 0, '2020', NULL),
	(1455, 2, 133, 0, 447, 447, '2020-01-12', 2, 2, 0, '2020', NULL),
	(1456, 2, 73, 0, 129, 129, '2020-01-12', 2, 2, 0, '2020', NULL),
	(1457, 2, 159, 0, 135, 135, '2020-01-12', 2, 2, 0, '2020', NULL),
	(1458, 2, 121, 0, 129, 129, '2020-01-13', 3, 3, 0, '2020', NULL),
	(1459, 2, 121, 0, 129, 129, '2020-01-13', 3, 3, 0, '2020', NULL),
	(1460, 2, 121, 0, 129, 129, '2020-01-13', 3, 3, 0, '2020', NULL),
	(1461, 2, 185, 39, 0, 39, '2020-01-13', 3, 3, 0, '2020', NULL),
	(1462, 2, 123, 0, 149, 149, '2020-01-13', 3, 3, 0, '2020', NULL),
	(1463, 2, 124, 0, 129, 129, '2020-01-13', 3, 3, 0, '2020', NULL),
	(1464, 2, 130, 0, 258, 258, '2020-01-13', 3, 3, 0, '2020', NULL),
	(1465, 2, 130, 0, 129, 129, '2020-01-13', 3, 3, 0, '2020', NULL),
	(1466, 2, 22, 0, 258, 258, '2020-01-13', 3, 3, 0, '2020', NULL),
	(1467, 2, 15, 0, 387, 387, '2020-01-13', 3, 3, 0, '2020', NULL),
	(1468, 2, 18, 0, 129, 129, '2020-01-13', 3, 3, 0, '2020', NULL),
	(1469, 2, 12, 0, 120, 120, '2020-01-13', 3, 3, 0, '2020', NULL),
	(1470, 2, 11, 0, 120, 120, '2020-01-13', 3, 3, 0, '2020', NULL),
	(1471, 2, 14, 0, 258, 258, '2020-01-13', 3, 3, 0, '2020', NULL),
	(1472, 2, 99, 0, 149, 149, '2020-01-13', 3, 3, 0, '2020', NULL),
	(1473, 2, 104, 0, 129, 129, '2020-01-13', 3, 3, 0, '2020', NULL),
	(1474, 2, 180, 0, 298, 298, '2020-01-13', 3, 3, 0, '2020', NULL),
	(1475, 2, 78, 0, 135, 135, '2020-01-13', 3, 3, 0, '2020', NULL),
	(1476, 2, 23, 0, 129, 129, '2020-01-13', 3, 3, 0, '2020', NULL),
	(1477, 2, 142, 0, 149, 149, '2020-01-13', 3, 3, 0, '2020', NULL),
	(1478, 2, 89, 0, 405, 405, '2020-01-13', 3, 3, 0, '2020', NULL),
	(1479, 2, 164, 0, 139, 139, '2020-01-14', 3, 3, 0, '2020', NULL),
	(1480, 2, 186, 300, 0, 300, '2020-01-14', 3, 3, 0, '2020', NULL),
	(1481, 2, 187, 550, 280, 830, '2020-01-14', 3, 3, 0, '2020', NULL),
	(1482, 2, 188, 480, 159, 639, '2020-01-14', 3, 3, 0, '2020', NULL),
	(1483, 2, 189, 550, 0, 550, '2020-01-14', 3, 3, 0, '2020', NULL),
	(1484, 2, 75, 0, 129, 129, '2020-01-14', 3, 3, 0, '2020', NULL),
	(1485, 2, 41, 0, 129, 129, '2020-01-14', 3, 3, 0, '2020', NULL),
	(1486, 2, 171, 0, 148, 148, '2020-01-14', 3, 3, 0, '2020', NULL),
	(1487, 2, 180, 0, 149, 149, '2020-01-14', 3, 3, 0, '2020', NULL),
	(1488, 2, 184, 0, 1, 1, '2020-01-14', 3, 3, 0, '2020', NULL),
	(1489, 2, 134, 0, 149, 149, '2020-01-14', 3, 3, 0, '2020', NULL),
	(1490, 2, 154, 0, 139, 139, '2020-01-14', 3, 3, 0, '2020', NULL),
	(1491, 2, 157, 0, 135, 135, '2020-01-16', 3, 3, 0, '2020', NULL),
	(1492, 2, 2, 0, 516, 516, '2020-01-16', 3, 3, 0, '2020', NULL),
	(1493, 2, 6, 0, 516, 516, '2020-01-16', 3, 3, 0, '2020', NULL),
	(1494, 2, 112, 0, 675, 675, '2020-01-16', 3, 3, 0, '2020', NULL),
	(1495, 2, 113, 0, 675, 675, '2020-01-16', 3, 3, 0, '2020', NULL),
	(1496, 2, 135, 0, 149, 149, '2020-01-17', 3, 3, 0, '2020', NULL),
	(1497, 2, 127, 0, 149, 149, '2020-01-18', 3, 3, 0, '2020', NULL),
	(1498, 2, 39, 0, 258, 258, '2020-01-18', 3, 3, 0, '2020', NULL),
	(1499, 2, 115, 0, 298, 298, '2020-01-18', 3, 3, 0, '2020', NULL),
	(1500, 2, 116, 0, 298, 298, '2020-01-18', 3, 3, 0, '2020', NULL),
	(1501, 2, 136, 0, 149, 149, '2020-01-18', 3, 3, 0, '2020', NULL),
	(1502, 2, 110, 0, 149, 149, '2020-01-18', 3, 3, 0, '2020', NULL),
	(1503, 2, 9, 0, 129, 129, '2020-01-18', 3, 3, 0, '2020', NULL),
	(1504, 2, 31, 0, 258, 258, '2020-01-18', 3, 3, 0, '2020', NULL),
	(1505, 2, 88, 0, 387, 387, '2020-01-18', 3, 3, 0, '2020', NULL),
	(1506, 2, 45, 0, 129, 129, '2020-01-18', 3, 3, 0, '2020', NULL),
	(1507, 2, 21, 0, 129, 129, '2020-01-18', 3, 3, 0, '2020', NULL),
	(1508, 2, 70, 0, 129, 129, '2020-01-18', 3, 3, 0, '2020', NULL),
	(1509, 2, 153, 0, 447, 447, '2020-01-18', 3, 3, 0, '2020', NULL),
	(1510, 2, 33, 0, 129, 129, '2020-01-18', 3, 3, 0, '2020', NULL),
	(1511, 2, 169, 0, 139, 139, '2020-01-18', 3, 3, 0, '2020', NULL),
	(1512, 2, 182, 0, 149, 149, '2020-01-18', 3, 3, 0, '2020', NULL),
	(1513, 2, 177, 0, 149, 149, '2020-01-18', 3, 3, 0, '2020', NULL),
	(1514, 2, 158, 0, 149, 149, '2020-01-18', 3, 3, 0, '2020', NULL),
	(1515, 2, 137, 0, 149, 149, '2020-01-18', 3, 3, 0, '2020', NULL),
	(1516, 2, 168, 0, 298, 298, '2020-01-18', 3, 3, 0, '2020', NULL),
	(1517, 2, 147, 0, 139, 139, '2020-01-18', 3, 3, 0, '2020', NULL),
	(1518, 2, 62, 0, 79, 79, '2020-01-18', 3, 3, 0, '2020', NULL),
	(1519, 2, 167, 0, 149, 149, '2020-01-18', 3, 3, 0, '2020', NULL),
	(1520, 2, 128, 0, 149, 149, '2020-01-19', 3, 3, 0, '2020', NULL),
	(1521, 2, 5, 0, 120, 120, '2020-01-19', 3, 3, 0, '2020', NULL),
	(1522, 2, 7, 0, 120, 120, '2020-01-19', 3, 3, 0, '2020', NULL),
	(1523, 2, 120, 0, 135, 135, '2020-01-19', 3, 3, 0, '2020', NULL),
	(1524, 2, 106, 0, 149, 149, '2020-01-19', 3, 3, 0, '2020', NULL),
	(1525, 2, 122, 0, 149, 149, '2020-01-19', 3, 3, 0, '2020', NULL),
	(1526, 2, 73, 0, 129, 129, '2020-01-19', 3, 3, 0, '2020', NULL),
	(1527, 2, 72, 0, 129, 129, '2020-01-19', 3, 3, 0, '2020', NULL),
	(1528, 2, 71, 0, 129, 129, '2020-01-19', 3, 3, 0, '2020', NULL),
	(1529, 2, 159, 0, 135, 135, '2020-01-19', 3, 3, 0, '2020', NULL),
	(1530, 2, 107, 0, 135, 135, '2020-01-19', 3, 3, 0, '2020', NULL),
	(1531, 2, 91, 0, 129, 129, '2020-01-19', 3, 3, 0, '2020', NULL),
	(1532, 2, 82, 0, 135, 135, '2020-01-19', 3, 3, 0, '2020', NULL),
	(1533, 2, 149, 0, 139, 139, '2020-01-19', 3, 3, 0, '2020', NULL),
	(1534, 2, 150, 0, 139, 139, '2020-01-19', 3, 3, 0, '2020', NULL),
	(1535, 2, 121, 0, 129, 129, '2020-01-20', 4, 4, 0, '2020', NULL),
	(1536, 2, 75, 0, 129, 129, '2020-01-20', 4, 4, 0, '2020', NULL),
	(1537, 2, 41, 0, 129, 129, '2020-01-20', 4, 4, 0, '2020', NULL),
	(1538, 2, 123, 0, 149, 149, '2020-01-20', 4, 4, 0, '2020', NULL),
	(1539, 2, 124, 0, 129, 129, '2020-01-20', 4, 4, 0, '2020', NULL),
	(1540, 2, 22, 0, 129, 129, '2020-01-20', 4, 4, 0, '2020', NULL),
	(1541, 2, 12, 0, 120, 120, '2020-01-20', 4, 4, 0, '2020', NULL),
	(1542, 2, 11, 0, 120, 120, '2020-01-20', 4, 4, 0, '2020', NULL),
	(1543, 2, 26, 0, 460, 460, '2020-01-20', 4, 4, 0, '2020', NULL),
	(1544, 2, 27, 0, 460, 460, '2020-01-20', 4, 4, 0, '2020', NULL),
	(1545, 2, 24, 0, 460, 460, '2020-01-20', 4, 4, 0, '2020', NULL),
	(1546, 2, 25, 0, 460, 460, '2020-01-20', 4, 4, 0, '2020', NULL),
	(1547, 2, 78, 0, 135, 135, '2020-01-20', 4, 4, 0, '2020', NULL),
	(1548, 2, 78, 0, 135, 135, '2020-01-20', 4, 4, 0, '2020', NULL),
	(1549, 2, 23, 0, 129, 129, '2020-01-20', 4, 4, 0, '2020', NULL),
	(1550, 2, 99, 0, 149, 149, '2020-01-20', 4, 4, 0, '2020', NULL),
	(1551, 2, 18, 0, 129, 129, '2020-01-20', 4, 4, 0, '2020', NULL),
	(1552, 2, 142, 0, 149, 149, '2020-01-20', 4, 4, 0, '2020', NULL),
	(1553, 2, 188, 0, 318, 318, '2020-01-20', 4, 4, 0, '2020', NULL),
	(1554, 2, 89, 0, 135, 135, '2020-01-20', 4, 4, 0, '2020', NULL),
	(1555, 2, 134, 0, 149, 149, '2020-01-20', 4, 4, 0, '2020', NULL),
	(1556, 2, 135, 0, 149, 149, '2020-01-20', 4, 4, 0, '2020', NULL),
	(1557, 2, 191, 350, 0, 350, '2020-01-21', 4, 4, 0, '2020', NULL),
	(1558, 2, 192, 500, 0, 500, '2020-01-21', 4, 4, 0, '2020', NULL),
	(1559, 2, 193, 550, 0, 550, '2020-01-21', 4, 4, 0, '2020', NULL),
	(1560, 2, 194, 480, 0, 480, '2020-01-21', 4, 4, 0, '2020', NULL),
	(1561, 2, 195, 550, 80, 630, '2020-01-21', 4, 4, 0, '2020', NULL),
	(1562, 2, 130, 0, 129, 129, '2020-01-21', 4, 4, 0, '2020', NULL),
	(1563, 2, 185, 0, 159, 159, '2020-01-21', 4, 4, 0, '2020', NULL),
	(1564, 2, 15, 0, 129, 129, '2020-01-21', 4, 4, 0, '2020', NULL),
	(1565, 2, 171, 0, 148, 148, '2020-01-21', 4, 4, 0, '2020', NULL),
	(1566, 2, 154, 0, 139, 139, '2020-01-21', 4, 4, 0, '2020', NULL),
	(1567, 2, 104, 0, 129, 129, '2020-01-21', 4, 4, 0, '2020', NULL),
	(1568, 2, 154, 0, 139, 139, '2020-01-21', 4, 4, 0, '2020', NULL),
	(1569, 2, 157, 0, 135, 135, '2020-01-23', 4, 4, 0, '2020', NULL),
	(1570, 2, 72, 0, 129, 129, '2020-01-24', 4, 4, 0, '2020', NULL),
	(1571, 2, 127, 0, 298, 298, '2020-01-25', 4, 4, 0, '2020', NULL),
	(1572, 2, 170, 0, 596, 596, '2020-01-25', 4, 4, 0, '2020', NULL),
	(1573, 2, 31, 0, 129, 129, '2020-01-25', 4, 4, 0, '2020', NULL),
	(1574, 2, 88, 0, 129, 129, '2020-01-25', 4, 4, 0, '2020', NULL),
	(1575, 2, 74, 0, 258, 258, '2020-01-25', 4, 4, 0, '2020', NULL),
	(1576, 2, 45, 0, 258, 258, '2020-01-25', 4, 4, 0, '2020', NULL),
	(1577, 2, 61, 0, 129, 129, '2020-01-25', 4, 4, 0, '2020', NULL),
	(1578, 2, 39, 0, 129, 129, '2020-01-25', 4, 4, 0, '2020', NULL),
	(1579, 2, 70, 0, 258, 258, '2020-01-25', 4, 4, 0, '2020', NULL),
	(1580, 2, 115, 0, 149, 149, '2020-01-25', 4, 4, 0, '2020', NULL),
	(1581, 2, 116, 0, 149, 149, '2020-01-25', 4, 4, 0, '2020', NULL),
	(1582, 2, 21, 0, 129, 129, '2020-01-25', 4, 4, 0, '2020', NULL),
	(1583, 2, 21, 0, 129, 129, '2020-01-25', 4, 4, 0, '2020', NULL),
	(1584, 2, 62, 0, 79, 79, '2020-01-25', 4, 4, 0, '2020', NULL),
	(1585, 2, 9, 0, 258, 258, '2020-01-25', 4, 4, 0, '2020', NULL),
	(1586, 2, 110, 0, 298, 298, '2020-01-25', 4, 4, 0, '2020', NULL),
	(1587, 2, 168, 0, 149, 149, '2020-01-25', 4, 4, 0, '2020', NULL),
	(1588, 2, 33, 0, 129, 129, '2020-01-25', 4, 4, 0, '2020', NULL),
	(1589, 2, 169, 0, 139, 139, '2020-01-25', 4, 4, 0, '2020', NULL),
	(1590, 2, 177, 0, 149, 149, '2020-01-25', 4, 4, 0, '2020', NULL),
	(1591, 2, 165, 0, 149, 149, '2020-01-25', 4, 4, 0, '2020', NULL),
	(1592, 2, 182, 0, 149, 149, '2020-01-25', 4, 4, 0, '2020', NULL),
	(1593, 2, 137, 0, 149, 149, '2020-01-25', 4, 4, 0, '2020', NULL),
	(1594, 2, 147, 0, 139, 139, '2020-01-25', 4, 4, 0, '2020', NULL),
	(1595, 2, 163, 0, 149, 149, '2020-01-25', 4, 4, 0, '2020', NULL),
	(1596, 2, 163, 0, 149, 149, '2020-01-25', 4, 4, 0, '2020', NULL),
	(1597, 2, 167, 0, 149, 149, '2020-01-25', 4, 4, 0, '2020', NULL),
	(1598, 2, 162, 0, 139, 139, '2020-01-26', 4, 4, 0, '2020', NULL),
	(1599, 2, 128, 0, 149, 149, '2020-01-26', 4, 4, 0, '2020', NULL),
	(1600, 2, 73, 0, 129, 129, '2020-01-26', 4, 4, 0, '2020', NULL),
	(1601, 2, 71, 0, 129, 129, '2020-01-26', 4, 4, 0, '2020', NULL),
	(1602, 2, 107, 0, 135, 135, '2020-01-26', 4, 4, 0, '2020', NULL),
	(1603, 2, 82, 0, 135, 135, '2020-01-26', 4, 4, 0, '2020', NULL),
	(1604, 2, 106, 0, 149, 149, '2020-01-26', 4, 4, 0, '2020', NULL),
	(1605, 2, 91, 0, 129, 129, '2020-01-26', 4, 4, 0, '2020', NULL),
	(1606, 2, 5, 0, 120, 120, '2020-01-26', 4, 4, 0, '2020', NULL),
	(1607, 2, 7, 0, 120, 120, '2020-01-26', 4, 4, 0, '2020', NULL),
	(1608, 2, 120, 0, 135, 135, '2020-01-26', 4, 4, 0, '2020', NULL),
	(1609, 2, 122, 0, 149, 149, '2020-01-26', 4, 4, 0, '2020', NULL),
	(1610, 2, 130, 0, 129, 129, '2020-01-27', 5, 5, 0, '2020', NULL),
	(1611, 2, 75, 0, 129, 129, '2020-01-27', 5, 5, 0, '2020', NULL),
	(1612, 2, 185, 0, 159, 159, '2020-01-27', 5, 5, 0, '2020', NULL),
	(1613, 2, 41, 0, 129, 129, '2020-01-27', 5, 5, 0, '2020', NULL),
	(1614, 2, 123, 0, 149, 149, '2020-01-27', 5, 5, 0, '2020', NULL),
	(1615, 2, 124, 0, 129, 129, '2020-01-27', 5, 5, 0, '2020', NULL),
	(1616, 2, 12, 0, 120, 120, '2020-01-27', 5, 5, 0, '2020', NULL),
	(1617, 2, 11, 0, 120, 120, '2020-01-27', 5, 5, 0, '2020', NULL),
	(1618, 2, 26, 0, 230, 230, '2020-01-27', 5, 5, 0, '2020', NULL),
	(1619, 2, 27, 0, 230, 230, '2020-01-27', 5, 5, 0, '2020', NULL),
	(1620, 2, 24, 0, 230, 230, '2020-01-27', 5, 5, 0, '2020', NULL),
	(1621, 2, 25, 0, 230, 230, '2020-01-27', 5, 5, 0, '2020', NULL),
	(1622, 2, 104, 0, 129, 129, '2020-01-27', 5, 5, 0, '2020', NULL),
	(1623, 2, 18, 0, 129, 129, '2020-01-27', 5, 5, 0, '2020', NULL),
	(1624, 2, 23, 0, 129, 129, '2020-01-27', 5, 5, 0, '2020', NULL),
	(1625, 2, 15, 0, 129, 129, '2020-01-27', 5, 5, 0, '2020', NULL),
	(1626, 2, 58, 0, 100, 100, '2020-01-27', 5, 5, 0, '2020', NULL),
	(1627, 2, 60, 0, 70, 70, '2020-01-27', 5, 5, 0, '2020', NULL),
	(1628, 2, 59, 0, 70, 70, '2020-01-27', 5, 5, 0, '2020', NULL),
	(1629, 2, 142, 0, 149, 149, '2020-01-27', 5, 5, 0, '2020', NULL),
	(1630, 2, 99, 0, 149, 149, '2020-01-27', 5, 5, 0, '2020', NULL),
	(1631, 2, 154, 0, 139, 139, '2020-01-28', 5, 5, 0, '2020', NULL),
	(1632, 2, 180, 0, 298, 298, '2020-01-28', 5, 5, 0, '2020', NULL),
	(1633, 2, 188, 0, 159, 159, '2020-01-28', 5, 5, 0, '2020', NULL),
	(1634, 2, 134, 0, 149, 149, '2020-01-28', 5, 5, 0, '2020', NULL),
	(1635, 2, 135, 0, 149, 149, '2020-01-28', 5, 5, 0, '2020', NULL),
	(1636, 2, 196, 300, 350, 650, '2020-01-30', 5, 5, 0, '2020', NULL),
	(1637, 2, 197, 550, 159, 709, '2020-01-30', 5, 5, 0, '2020', NULL),
	(1638, 2, 198, 100, 159, 259, '2020-01-30', 5, 5, 0, '2020', NULL),
	(1639, 2, 153, 0, 298, 298, '2020-01-30', 5, 5, 0, '2020', NULL),
	(1640, 2, 199, 283, 0, 283, '2020-01-30', 5, 5, 0, '2020', NULL),
	(1641, 2, 200, 100, 159, 259, '2020-01-30', 5, 5, 0, '2020', NULL),
	(1642, 2, 201, 580, 0, 580, '2020-01-30', 5, 5, 0, '2020', NULL),
	(1643, 2, 202, 200, 0, 200, '2020-01-30', 5, 5, 0, '2020', NULL),
	(1644, 2, 203, 200, 0, 200, '2020-01-30', 5, 5, 0, '2020', NULL),
	(1645, 2, 204, 550, 149, 699, '2020-01-30', 5, 5, 0, '2020', NULL),
	(1646, 2, 204, 0, 447, 447, '2020-01-30', 5, 5, 0, '2020', NULL),
	(1647, 2, 205, 500, 0, 500, '2020-01-30', 5, 5, 0, '2020', NULL),
	(1648, 2, 206, 550, 0, 550, '2020-01-30', 5, 5, 0, '2020', NULL),
	(1649, 2, 157, 0, 135, 135, '2020-01-30', 5, 5, 0, '2020', NULL),
	(1650, 2, 171, 0, 148, 148, '2020-01-30', 5, 5, 0, '2020', NULL),
	(1651, 2, 112, 0, 135, 135, '2020-01-30', 5, 5, 0, '2020', NULL),
	(1652, 2, 113, 0, 135, 135, '2020-01-30', 5, 5, 0, '2020', NULL),
	(1653, 2, 89, 0, 135, 135, '2020-01-30', 5, 5, 0, '2020', NULL),
	(1654, 2, 203, 0, 159, 159, '2020-01-31', 5, 5, 0, '2020', NULL),
	(1655, 2, 115, 0, 149, 149, '2020-02-01', 5, 5, 0, '2020', NULL),
	(1656, 2, 127, 0, 149, 149, '2020-02-01', 5, 5, 0, '2020', NULL),
	(1657, 2, 61, 0, 387, 387, '2020-02-01', 5, 5, 0, '2020', NULL),
	(1658, 2, 39, 0, 129, 129, '2020-02-01', 5, 5, 0, '2020', NULL),
	(1659, 2, 116, 0, 149, 149, '2020-02-01', 5, 5, 0, '2020', NULL),
	(1660, 2, 74, 0, 129, 129, '2020-02-01', 5, 5, 0, '2020', NULL),
	(1661, 2, 206, 0, 149, 149, '2020-02-01', 5, 5, 0, '2020', NULL),
	(1662, 2, 31, 0, 129, 129, '2020-02-01', 5, 5, 0, '2020', NULL),
	(1663, 2, 45, 0, 129, 129, '2020-02-01', 5, 5, 0, '2020', NULL),
	(1664, 2, 9, 0, 129, 129, '2020-02-01', 5, 5, 0, '2020', NULL),
	(1665, 2, 110, 0, 149, 149, '2020-02-01', 5, 5, 0, '2020', NULL),
	(1666, 2, 70, 0, 129, 129, '2020-02-01', 5, 5, 0, '2020', NULL),
	(1667, 2, 21, 0, 129, 129, '2020-02-01', 5, 5, 0, '2020', NULL),
	(1668, 2, 33, 0, 129, 129, '2020-02-01', 5, 5, 0, '2020', NULL),
	(1669, 2, 169, 0, 139, 139, '2020-02-01', 5, 5, 0, '2020', NULL),
	(1670, 2, 182, 0, 149, 149, '2020-02-01', 5, 5, 0, '2020', NULL),
	(1671, 2, 177, 0, 149, 149, '2020-02-01', 5, 5, 0, '2020', NULL),
	(1672, 2, 137, 0, 149, 149, '2020-02-01', 5, 5, 0, '2020', NULL),
	(1673, 2, 168, 0, 149, 149, '2020-02-01', 5, 5, 0, '2020', NULL),
	(1674, 2, 181, 0, 300, 300, '2020-02-01', 5, 5, 0, '2020', NULL),
	(1675, 2, 147, 0, 139, 139, '2020-02-01', 5, 5, 0, '2020', NULL),
	(1676, 2, 165, 0, 149, 149, '2020-02-01', 5, 5, 0, '2020', NULL),
	(1677, 2, 170, 0, 149, 149, '2020-02-01', 5, 5, 0, '2020', NULL),
	(1678, 2, 62, 0, 79, 79, '2020-02-01', 5, 5, 0, '2020', NULL),
	(1679, 2, 122, 0, 149, 149, '2020-02-02', 5, 5, 0, '2020', NULL),
	(1680, 2, 159, 0, 135, 135, '2020-02-02', 5, 5, 0, '2020', NULL),
	(1681, 2, 107, 0, 135, 135, '2020-02-02', 5, 5, 0, '2020', NULL),
	(1682, 2, 106, 0, 149, 149, '2020-02-02', 5, 5, 0, '2020', NULL),
	(1683, 2, 71, 0, 129, 129, '2020-02-02', 5, 5, 0, '2020', NULL),
	(1684, 2, 72, 0, 129, 129, '2020-02-02', 5, 5, 0, '2020', NULL),
	(1685, 2, 82, 0, 135, 135, '2020-02-02', 5, 5, 0, '2020', NULL),
	(1686, 2, 73, 0, 129, 129, '2020-02-02', 5, 5, 0, '2020', NULL),
	(1687, 2, 149, 0, 139, 139, '2020-02-02', 5, 5, 0, '2020', NULL),
	(1688, 2, 150, 0, 139, 139, '2020-02-02', 5, 5, 0, '2020', NULL),
	(1689, 2, 133, 0, 298, 298, '2020-02-02', 5, 5, 0, '2020', NULL),
	(1690, 2, 183, 0, 298, 298, '2020-02-02', 5, 5, 0, '2020', NULL),
	(1691, 2, 5, 0, 120, 120, '2020-02-02', 5, 5, 0, '2020', NULL),
	(1692, 2, 7, 0, 120, 120, '2020-02-02', 5, 5, 0, '2020', NULL),
	(1693, 2, 17, 0, 387, 387, '2020-02-04', 6, 6, 0, '2020', NULL),
	(1694, 2, 75, 0, 129, 129, '2020-02-04', 6, 6, 0, '2020', NULL),
	(1695, 2, 41, 0, 129, 129, '2020-02-04', 6, 6, 0, '2020', NULL),
	(1696, 2, 123, 0, 149, 149, '2020-02-04', 6, 6, 0, '2020', NULL),
	(1697, 2, 124, 0, 129, 129, '2020-02-04', 6, 6, 0, '2020', NULL),
	(1698, 2, 15, 0, 129, 129, '2020-02-04', 6, 6, 0, '2020', NULL),
	(1699, 2, 12, 0, 120, 120, '2020-02-04', 6, 6, 0, '2020', NULL),
	(1700, 2, 11, 0, 120, 120, '2020-02-04', 6, 6, 0, '2020', NULL),
	(1701, 2, 171, 0, 740, 740, '2020-02-04', 6, 6, 0, '2020', NULL),
	(1702, 2, 26, 0, 115, 115, '2020-02-04', 6, 6, 0, '2020', NULL),
	(1703, 2, 27, 0, 115, 115, '2020-02-04', 6, 6, 0, '2020', NULL),
	(1704, 2, 24, 0, 115, 115, '2020-02-04', 6, 6, 0, '2020', NULL),
	(1705, 2, 25, 0, 115, 115, '2020-02-04', 6, 6, 0, '2020', NULL),
	(1706, 2, 18, 0, 129, 129, '2020-02-04', 6, 6, 0, '2020', NULL),
	(1707, 2, 99, 0, 149, 149, '2020-02-04', 6, 6, 0, '2020', NULL),
	(1708, 2, 104, 0, 129, 129, '2020-02-04', 6, 6, 0, '2020', NULL),
	(1709, 2, 89, 0, 270, 270, '2020-02-04', 6, 6, 0, '2020', NULL),
	(1710, 2, 78, 0, 135, 135, '2020-02-04', 6, 6, 0, '2020', NULL),
	(1711, 2, 157, 0, 135, 135, '2020-02-04', 6, 6, 0, '2020', NULL),
	(1712, 2, 142, 0, 149, 149, '2020-02-04', 6, 6, 0, '2020', NULL),
	(1713, 2, 134, 0, 149, 149, '2020-02-04', 6, 6, 0, '2020', NULL),
	(1714, 2, 135, 0, 149, 149, '2020-02-04', 6, 6, 0, '2020', NULL),
	(1715, 2, 193, 0, 1, 1, '2020-02-06', 6, 6, 0, '2020', NULL),
	(1716, 2, 193, 0, 138, 138, '2020-02-06', 6, 6, 0, '2020', NULL),
	(1717, 2, 209, 100, 0, 100, '2020-02-06', 6, 6, 0, '2020', NULL),
	(1718, 2, 210, 600, 0, 600, '2020-02-06', 6, 6, 0, '2020', NULL),
	(1719, 2, 211, 350, 0, 350, '2020-02-06', 6, 6, 0, '2020', NULL),
	(1720, 2, 207, 500, 0, 500, '2020-02-06', 6, 6, 0, '2020', NULL),
	(1721, 2, 208, 550, 0, 550, '2020-02-06', 6, 6, 0, '2020', NULL),
	(1722, 2, 185, 0, 159, 159, '2020-02-06', 6, 6, 0, '2020', NULL),
	(1723, 2, 154, 0, 139, 139, '2020-02-06', 6, 6, 0, '2020', NULL),
	(1724, 2, 58, 0, 100, 100, '2020-02-06', 6, 6, 0, '2020', NULL),
	(1725, 2, 113, 0, 270, 270, '2020-02-06', 6, 6, 0, '2020', NULL),
	(1726, 2, 112, 0, 270, 270, '2020-02-06', 6, 6, 0, '2020', NULL),
	(1727, 2, 110, 0, 149, 149, '2020-02-08', 6, 6, 0, '2020', NULL),
	(1728, 2, 9, 0, 129, 129, '2020-02-08', 6, 6, 0, '2020', NULL),
	(1729, 2, 127, 0, 149, 149, '2020-02-08', 6, 6, 0, '2020', NULL),
	(1730, 2, 116, 0, 149, 149, '2020-02-08', 6, 6, 0, '2020', NULL),
	(1731, 2, 39, 0, 129, 129, '2020-02-08', 6, 6, 0, '2020', NULL),
	(1732, 2, 21, 0, 129, 129, '2020-02-08', 6, 6, 0, '2020', NULL),
	(1733, 2, 70, 0, 129, 129, '2020-02-08', 6, 6, 0, '2020', NULL),
	(1734, 2, 202, 400, 280, 680, '2020-02-08', 6, 6, 0, '2020', NULL),
	(1735, 2, 206, 0, 149, 149, '2020-02-08', 6, 6, 0, '2020', NULL),
	(1736, 2, 74, 0, 129, 129, '2020-02-08', 6, 6, 0, '2020', NULL),
	(1737, 2, 62, 0, 79, 79, '2020-02-08', 6, 6, 0, '2020', NULL),
	(1738, 2, 45, 0, 129, 129, '2020-02-08', 6, 6, 0, '2020', NULL),
	(1739, 2, 33, 0, 258, 258, '2020-02-08', 6, 6, 0, '2020', NULL),
	(1740, 2, 210, 0, 280, 280, '2020-02-08', 6, 6, 0, '2020', NULL),
	(1741, 2, 165, 0, 149, 149, '2020-02-08', 6, 6, 0, '2020', NULL),
	(1742, 2, 182, 0, 149, 149, '2020-02-08', 6, 6, 0, '2020', NULL),
	(1743, 2, 163, 0, 298, 298, '2020-02-08', 6, 6, 0, '2020', NULL),
	(1744, 2, 208, 0, 280, 280, '2020-02-08', 6, 6, 0, '2020', NULL),
	(1745, 2, 147, 0, 139, 139, '2020-02-08', 6, 6, 0, '2020', NULL),
	(1746, 2, 137, 0, 149, 149, '2020-02-08', 6, 6, 0, '2020', NULL),
	(1747, 2, 91, 0, 258, 258, '2020-02-08', 6, 6, 0, '2020', NULL),
	(1748, 2, 190, 0, 290, 290, '2020-02-08', 6, 6, 0, '2020', NULL),
	(1749, 2, 177, 0, 149, 149, '2020-02-08', 6, 6, 0, '2020', NULL),
	(1750, 2, 31, 0, 129, 129, '2020-02-08', 6, 6, 0, '2020', NULL),
	(1751, 2, 88, 0, 129, 129, '2020-02-08', 6, 6, 0, '2020', NULL),
	(1752, 2, 120, 0, 135, 135, '2020-02-08', 6, 6, 0, '2020', NULL),
	(1753, 2, 167, 0, 596, 596, '2020-02-08', 6, 6, 0, '2020', NULL),
	(1754, 2, 169, 0, 139, 139, '2020-02-09', 6, 6, 0, '2020', NULL),
	(1755, 2, 128, 0, 149, 149, '2020-02-09', 6, 6, 0, '2020', NULL),
	(1756, 2, 159, 0, 135, 135, '2020-02-09', 6, 6, 0, '2020', NULL),
	(1757, 2, 162, 0, 139, 139, '2020-02-09', 6, 6, 0, '2020', NULL),
	(1758, 2, 91, 0, 129, 129, '2020-02-09', 6, 6, 0, '2020', NULL),
	(1759, 2, 122, 0, 149, 149, '2020-02-09', 6, 6, 0, '2020', NULL),
	(1760, 2, 71, 0, 129, 129, '2020-02-09', 6, 6, 0, '2020', NULL),
	(1761, 2, 72, 0, 129, 129, '2020-02-09', 6, 6, 0, '2020', NULL),
	(1762, 2, 149, 0, 139, 139, '2020-02-09', 6, 6, 0, '2020', NULL),
	(1763, 2, 150, 0, 139, 139, '2020-02-09', 6, 6, 0, '2020', NULL),
	(1764, 2, 107, 0, 135, 135, '2020-02-09', 6, 6, 0, '2020', NULL),
	(1765, 2, 82, 0, 135, 135, '2020-02-09', 6, 6, 0, '2020', NULL),
	(1766, 2, 115, 0, 149, 149, '2020-02-09', 6, 6, 0, '2020', NULL),
	(1767, 2, 106, 0, 149, 149, '2020-02-09', 6, 6, 0, '2020', NULL),
	(1768, 2, 5, 0, 120, 120, '2020-02-09', 6, 6, 0, '2020', NULL),
	(1769, 2, 7, 0, 120, 120, '2020-02-09', 6, 6, 0, '2020', NULL),
	(1770, 2, 195, 200, 0, 200, '2020-02-09', 6, 6, 0, '2020', NULL),
	(1771, 2, 75, 0, 129, 129, '2020-02-10', 7, 7, 0, '2020', NULL),
	(1772, 2, 41, 0, 129, 129, '2020-02-10', 7, 7, 0, '2020', NULL),
	(1773, 2, 17, 0, 129, 129, '2020-02-10', 7, 7, 0, '2020', NULL),
	(1774, 2, 185, 0, 159, 159, '2020-02-10', 7, 7, 0, '2020', NULL),
	(1775, 2, 123, 0, 149, 149, '2020-02-10', 7, 7, 0, '2020', NULL),
	(1776, 2, 124, 0, 129, 129, '2020-02-10', 7, 7, 0, '2020', NULL),
	(1777, 2, 15, 0, 129, 129, '2020-02-10', 7, 7, 0, '2020', NULL),
	(1778, 2, 104, 0, 129, 129, '2020-02-10', 7, 7, 0, '2020', NULL),
	(1779, 2, 99, 0, 149, 149, '2020-02-10', 7, 7, 0, '2020', NULL),
	(1780, 2, 2, 0, 516, 516, '2020-02-10', 7, 7, 0, '2020', NULL),
	(1781, 2, 6, 0, 516, 516, '2020-02-10', 7, 7, 0, '2020', NULL),
	(1782, 2, 78, 0, 135, 135, '2020-02-10', 7, 7, 0, '2020', NULL),
	(1783, 2, 193, 0, 139, 139, '2020-02-11', 7, 7, 0, '2020', NULL),
	(1784, 2, 26, 0, 115, 115, '2020-02-11', 7, 7, 0, '2020', NULL),
	(1785, 2, 27, 0, 115, 115, '2020-02-11', 7, 7, 0, '2020', NULL),
	(1786, 2, 24, 0, 115, 115, '2020-02-11', 7, 7, 0, '2020', NULL),
	(1787, 2, 25, 0, 115, 115, '2020-02-11', 7, 7, 0, '2020', NULL),
	(1788, 2, 58, 0, 100, 100, '2020-02-11', 7, 7, 0, '2020', NULL),
	(1789, 2, 60, 0, 140, 140, '2020-02-11', 7, 7, 0, '2020', NULL),
	(1790, 2, 142, 0, 149, 149, '2020-02-11', 7, 7, 0, '2020', NULL),
	(1791, 2, 89, 0, 270, 270, '2020-02-11', 7, 7, 0, '2020', NULL),
	(1792, 2, 134, 0, 149, 149, '2020-02-11', 7, 7, 0, '2020', NULL),
	(1793, 2, 135, 0, 149, 149, '2020-02-11', 7, 7, 0, '2020', NULL),
	(1794, 2, 17, 0, 387, 387, '2020-02-13', 7, 7, 0, '2020', NULL),
	(1795, 2, 17, 0, 129, 129, '2020-02-13', 7, 7, 0, '2020', NULL),
	(1796, 2, 211, 200, 0, 200, '2020-02-13', 7, 7, 0, '2020', NULL),
	(1797, 2, 207, 50, 159, 209, '2020-02-13', 7, 7, 0, '2020', NULL),
	(1798, 2, 112, 0, 135, 135, '2020-02-13', 7, 7, 0, '2020', NULL),
	(1799, 2, 113, 0, 135, 135, '2020-02-13', 7, 7, 0, '2020', NULL),
	(1800, 2, 188, 0, 159, 159, '2020-02-13', 7, 7, 0, '2020', NULL),
	(1801, 2, 209, 480, 0, 480, '2020-02-14', 7, 7, 0, '2020', NULL),
	(1802, 2, 189, 0, 159, 159, '2020-02-15', 7, 7, 0, '2020', NULL),
	(1803, 2, 192, 50, 159, 209, '2020-02-15', 7, 7, 0, '2020', NULL),
	(1804, 2, 127, 0, 149, 149, '2020-02-15', 7, 7, 0, '2020', NULL),
	(1805, 2, 190, 0, 290, 290, '2020-02-15', 7, 7, 0, '2020', NULL),
	(1806, 2, 116, 0, 149, 149, '2020-02-15', 7, 7, 0, '2020', NULL),
	(1807, 2, 39, 0, 129, 129, '2020-02-15', 7, 7, 0, '2020', NULL),
	(1808, 2, 21, 0, 129, 129, '2020-02-15', 7, 7, 0, '2020', NULL),
	(1809, 2, 61, 0, 258, 258, '2020-02-15', 7, 7, 0, '2020', NULL),
	(1810, 2, 110, 0, 149, 149, '2020-02-15', 7, 7, 0, '2020', NULL),
	(1811, 2, 9, 0, 129, 129, '2020-02-15', 7, 7, 0, '2020', NULL),
	(1812, 2, 206, 0, 149, 149, '2020-02-15', 7, 7, 0, '2020', NULL),
	(1813, 2, 88, 0, 129, 129, '2020-02-15', 7, 7, 0, '2020', NULL),
	(1814, 2, 74, 0, 129, 129, '2020-02-15', 7, 7, 0, '2020', NULL),
	(1815, 2, 31, 0, 129, 129, '2020-02-15', 7, 7, 0, '2020', NULL),
	(1816, 2, 115, 0, 149, 149, '2020-02-15', 7, 7, 0, '2020', NULL),
	(1817, 2, 70, 0, 129, 129, '2020-02-15', 7, 7, 0, '2020', NULL),
	(1818, 2, 190, NULL, 290, 290, '2020-02-24', 9, 8, 0, '2020', NULL),
	(1819, 2, 2, NULL, 129, 129, '2020-02-24', 9, 8, 0, '2020', NULL),
	(1820, 2, 190, NULL, 580, 580, '2020-02-24', 9, 10, 0, '2020', NULL),
	(1821, 2, 187, NULL, 560, 560, '2020-02-24', 9, 5, 0, '2020', NULL);
/*!40000 ALTER TABLE `pagosalumnos` ENABLE KEYS */;

-- Volcando estructura para tabla intitutodemexico.personal_institutional
CREATE TABLE IF NOT EXISTS `personal_institutional` (
  `PERSONAL_ID` int(10) unsigned NOT NULL AUTO_INCREMENT,
  `NOMBRE_PERSONA` varchar(80) NOT NULL,
  `CORREO_PERSONA` varchar(80) NOT NULL,
  `CONTRASENA_PERSONA` varchar(200) NOT NULL,
  `PERSONAL_Rol` int(2) NOT NULL,
  PRIMARY KEY (`PERSONAL_ID`)
) ENGINE=InnoDB AUTO_INCREMENT=3 DEFAULT CHARSET=latin1;

-- Volcando datos para la tabla intitutodemexico.personal_institutional: ~2 rows (aproximadamente)
/*!40000 ALTER TABLE `personal_institutional` DISABLE KEYS */;
INSERT INTO `personal_institutional` (`PERSONAL_ID`, `NOMBRE_PERSONA`, `CORREO_PERSONA`, `CONTRASENA_PERSONA`, `PERSONAL_Rol`) VALUES
	(1, 'manuel', 'josemanuelwar@hotmail.es', '$2y$12$M6jWuj626sEyULFf5h4Bw.e/Gl/iItvEixJVS/7/xL147rMGjPhI2', 1),
	(2, 'admin', 'admin@gmail.com', '$2y$12$S/Uj6vbQO5z5xaxIvT.56OWoonAylIkR/I1P2eeO4359g4qEqvqj6', 2);
/*!40000 ALTER TABLE `personal_institutional` ENABLE KEYS */;

-- Volcando estructura para tabla intitutodemexico.productos
CREATE TABLE IF NOT EXISTS `productos` (
  `producto_id` int(10) unsigned NOT NULL AUTO_INCREMENT,
  `proeducto_persona_fk` int(10) unsigned DEFAULT NULL,
  `nombredelproducto` longtext,
  `productocontidad` int(10) NOT NULL,
  `precio_producto` float NOT NULL,
  PRIMARY KEY (`producto_id`),
  KEY `Personal_institutional` (`proeducto_persona_fk`),
  CONSTRAINT `Personal_institutional` FOREIGN KEY (`proeducto_persona_fk`) REFERENCES `personal_institutional` (`PERSONAL_ID`)
) ENGINE=InnoDB AUTO_INCREMENT=7 DEFAULT CHARSET=latin1;

-- Volcando datos para la tabla intitutodemexico.productos: ~6 rows (aproximadamente)
/*!40000 ALTER TABLE `productos` DISABLE KEYS */;
INSERT INTO `productos` (`producto_id`, `proeducto_persona_fk`, `nombredelproducto`, `productocontidad`, `precio_producto`) VALUES
	(1, 2, 'usb', 46, 99.99),
	(2, 1, 'libro', 22, 223),
	(3, 2, '', 15, 0),
	(4, 1, 'cautin', 22, 1),
	(5, 1, '', 0, 0),
	(6, 2, '', 0, 0);
/*!40000 ALTER TABLE `productos` ENABLE KEYS */;

-- Volcando estructura para tabla intitutodemexico.productosvendidos
CREATE TABLE IF NOT EXISTS `productosvendidos` (
  `id_productoventa` int(10) unsigned NOT NULL AUTO_INCREMENT,
  `id_folioregistroventa` int(10) unsigned DEFAULT NULL,
  `id_productos_fk` int(10) unsigned DEFAULT NULL,
  PRIMARY KEY (`id_productoventa`),
  KEY `FK__RegistroDeventas` (`id_folioregistroventa`),
  KEY `FK_PRODUCTOS` (`id_productos_fk`),
  CONSTRAINT `FK_PRODUCTOS` FOREIGN KEY (`id_productos_fk`) REFERENCES `productos` (`producto_id`),
  CONSTRAINT `FK__RegistroDeventas` FOREIGN KEY (`id_folioregistroventa`) REFERENCES `registrodeventas` (`Registroventa_id`)
) ENGINE=InnoDB AUTO_INCREMENT=4 DEFAULT CHARSET=latin1;

-- Volcando datos para la tabla intitutodemexico.productosvendidos: ~3 rows (aproximadamente)
/*!40000 ALTER TABLE `productosvendidos` DISABLE KEYS */;
INSERT INTO `productosvendidos` (`id_productoventa`, `id_folioregistroventa`, `id_productos_fk`) VALUES
	(1, 1, 2),
	(2, 2, 1),
	(3, 3, 4);
/*!40000 ALTER TABLE `productosvendidos` ENABLE KEYS */;

-- Volcando estructura para tabla intitutodemexico.registrodeventas
CREATE TABLE IF NOT EXISTS `registrodeventas` (
  `Registroventa_id` int(10) unsigned NOT NULL AUTO_INCREMENT,
  `totaldeventas` int(10) DEFAULT NULL,
  `cantidadproducto` int(10) NOT NULL,
  `fechadeventa` date DEFAULT NULL,
  `semanadeventa` int(4) DEFAULT NULL,
  `mesventa` int(4) NOT NULL,
  `personavendedor` int(10) unsigned DEFAULT NULL,
  `Eliminarproducto` int(2) NOT NULL,
  PRIMARY KEY (`Registroventa_id`),
  KEY `FK_Personal_institutional` (`personavendedor`),
  CONSTRAINT `FK_Personal_institutional` FOREIGN KEY (`personavendedor`) REFERENCES `personal_institutional` (`PERSONAL_ID`)
) ENGINE=InnoDB AUTO_INCREMENT=4 DEFAULT CHARSET=latin1;

-- Volcando datos para la tabla intitutodemexico.registrodeventas: ~3 rows (aproximadamente)
/*!40000 ALTER TABLE `registrodeventas` DISABLE KEYS */;
INSERT INTO `registrodeventas` (`Registroventa_id`, `totaldeventas`, `cantidadproducto`, `fechadeventa`, `semanadeventa`, `mesventa`, `personavendedor`, `Eliminarproducto`) VALUES
	(1, 446, 2, '2019-12-07', 49, 12, 1, 0),
	(2, 198, 2, '2019-12-08', 49, 12, 1, 0),
	(3, 12, 12, '2019-12-08', 49, 12, 1, 1);
/*!40000 ALTER TABLE `registrodeventas` ENABLE KEYS */;

/*!40101 SET SQL_MODE=IFNULL(@OLD_SQL_MODE, '') */;
/*!40014 SET FOREIGN_KEY_CHECKS=IF(@OLD_FOREIGN_KEY_CHECKS IS NULL, 1, @OLD_FOREIGN_KEY_CHECKS) */;
/*!40101 SET CHARACTER_SET_CLIENT=@OLD_CHARACTER_SET_CLIENT */;
